"asset_id","filename","relative_path","category","format","dimensions","original_source","source_url","post_date_or_signal","source_context","people_shown","residential_or_commercial","service_work_shown","location","approximate_quality","possible_future_website_use","notes","duplicate_or_source_relationships","sha256"
"FB-BRAND-001","d2cfe3d30021114f.jpg","01-brand/logo/d2cfe3d30021114f.jpg","logo","JPEG","960x765","Facebook profile photo","https://www.facebook.com/photo/?fbid=122100695745229345&set=a.122100621585229345","Not shown","Facebook profile/logo image","None","Brand","Logo / identity","Not applicable","Good; clean source but substantial white space","Header/footer logo reference; brand guide; favicon/source-art review","Downloaded displayed original untouched. Facebook CDN original name: 621889696_122100695757229345_7872458200007321783_n.jpg.","Related alternate logo/cover composition: FB-BRAND-002","7B89215A6BB2F33614F022D8DB0E30B89E741A6CDA6813EF1FBB07346E14BA24"
"FB-BRAND-002","72a6e33d656a31b7.jpg","01-brand/branded-graphics/72a6e33d656a31b7.jpg","branded graphic","JPEG","1280x1024","Facebook cover photo","https://www.facebook.com/photo/?fbid=122100622113229345&set=a.122100622137229345","Not shown","Facebook cover image using full logo lockup","None","Brand","Logo / identity","Not applicable","Good; larger alternate composition with white space","Brand reference; social cover; alternate full logo lockup","Downloaded displayed original untouched. Facebook CDN original name: 621188686_10111142465521937_8375564866498622980_n.jpg.","Related alternate logo/profile composition: FB-BRAND-001","EB40577B4B7E33B2FD067AADAD5859E05911CC98050299417963D293A42FC9AF"
"FB-COM-001","de10edce873eadda.jpg","05-commercial-work/repairs/de10edce873eadda.jpg","commercial repair","JPEG","1536x2048","Facebook photo","https://www.facebook.com/photo.php?fbid=122130517191229345&set=pb.61586880370088.-2207520000&type=3","Displayed 2d on 2026-08-11 crawl; normalized approx. 2026-08-09","Commercial rooftop/package-unit motor work; location tag only","Technician, face obscured; possibly Chance Ferguson, unconfirmed","Commercial","Motor replacement / rooftop HVAC repair","Chesapeake, VA (Facebook tag)","Very good; high-resolution vertical documentary photo","Commercial repair service page; technician-at-work section; case-study detail","Facebook auto-alt incorrectly suggested water heater. Visual classification used. Original CDN name: 769324469_122130517491229345_590538701364071475_n.jpg.","Same Facebook album/date/location group as FB-COM-002, FB-RES-MNT-001, FB-EQP-001, FB-RES-MNT-002","14801025D06700BE4F491C4BC5E1C0023ECB9E5CE39DF59AC09809B6864C4B30"
"FB-COM-002","837a8ddcef761c7b.jpg","05-commercial-work/repairs/837a8ddcef761c7b.jpg","commercial repair","JPEG","1536x2048","Facebook photo","https://www.facebook.com/photo.php?fbid=122130517155229345&set=pb.61586880370088.-2207520000&type=3","Displayed 2d on 2026-08-11 crawl; normalized approx. 2026-08-09","Walk-in cooler/beverage storage room with multiple evaporators","None","Commercial","Commercial refrigeration inspection/repair context","Chesapeake, VA (Facebook tag); specific business unknown","Very good; high-resolution vertical environmental photo","Commercial refrigeration page; capability proof; local-business service story","Specific customer/site and relationship to Las Gaviotas are not confirmed. Original CDN name: 769458551_122130517479229345_4586623411774796565_n.jpg.","Same Facebook album/date/location group as FB-COM-001, FB-RES-MNT-001, FB-EQP-001, FB-RES-MNT-002","1E5D1056B851CF38718CF21D8FB693AD361D4145A1EE3DC9D2DD8DED69427849"
"FB-RES-MNT-001","408a9080aa654d07.jpg","04-residential-work/maintenance/408a9080aa654d07.jpg","residential maintenance","JPEG","1153x2048","Facebook photo","https://www.facebook.com/photo.php?fbid=122130516573229345&set=pb.61586880370088.-2207520000&type=3","Displayed 2d on 2026-08-11 crawl; normalized approx. 2026-08-09","Technician washing/cleaning an outdoor condenser","Young technician, unidentified","Residential","Condenser cleaning / preventive maintenance","Chesapeake, VA (Facebook tag)","Very good; high-resolution vertical action photo","Maintenance service page; technician-at-work; trust imagery","Original CDN name: 768844438_122130517053229345_7815883432756406262_n.jpg.","Same maintenance job/subject as FB-RES-MNT-002 and likely FB-EQP-001","24044DE7BD83C44EE20D6332A0CBEC6C579F534F7834C0CB67D791C14CD0A5C7"
"FB-EQP-001","480f1046b2fa5df2.jpg","06-equipment-closeups/480f1046b2fa5df2.jpg","equipment close-up","JPEG","1153x2048","Facebook photo","https://www.facebook.com/photo.php?fbid=122130516525229345&set=pb.61586880370088.-2207520000&type=3","Displayed 2d on 2026-08-11 crawl; normalized approx. 2026-08-09","Open outdoor condenser electrical/control compartment","None","Residential","Electrical diagnostics / repair detail","Chesapeake, VA (Facebook tag)","Very good; high-resolution close-up","Repair-detail section; educational content; diagnostics article","Original CDN name: 767190423_122130517017229345_5522844914835218150_n.jpg.","Likely same residential maintenance/repair job as FB-RES-MNT-001 and FB-RES-MNT-002","8E6226FD0EFA012879608BA5E91736F588E5AF09900CD0EB532E1DFCC0CD95AE"
"FB-RES-MNT-002","9186bc7cb27db07e.jpg","04-residential-work/maintenance/9186bc7cb27db07e.jpg","residential maintenance","JPEG","2048x1153","Facebook photo","https://www.facebook.com/photo.php?fbid=122130516495229345&set=pb.61586880370088.-2207520000&type=3","Displayed 2d on 2026-08-11 crawl; normalized approx. 2026-08-09","Wide view of technician cleaning an outdoor condenser","Young technician, unidentified","Residential","Condenser cleaning / preventive maintenance","Chesapeake, VA (Facebook tag)","Very good; high-resolution landscape action photo","Maintenance-page hero/banner candidate; technician-at-work; process section","Original CDN name: 766674701_122130517029229345_2046755125913550170_n.jpg.","Same maintenance job/subject as FB-RES-MNT-001 and likely FB-EQP-001","E209C3D4AF101044AF2CE74FE8C5D3E896FB2141A5920BE12301F29EAC37F170"
"FB-SOC-001","0cf19a437907cd0d.jpg","09-social-graphics/0cf19a437907cd0d.jpg","promotional graphic","JPEG","1206x859","Facebook photo","https://www.facebook.com/photo.php?fbid=122130300879229345&set=pb.61586880370088.-2207520000&type=3","Displayed 5d on 2026-08-11 crawl; normalized approx. 2026-08-06","Post text: Keep your eyes peeled; you'll see this advertisement floating around","Promotional superhero likeness; identity likely Chance, unconfirmed","Brand / promotional","General HVAC promotion","Not stated","Good resolution; text-heavy composite","Social archive; brand-history reference; campaign reuse only after content review","FLAGGED: promotional composite, not documentary photography; visible text/phone/email should be proofread before reuse. Original CDN name: 764855287_122130300885229345_3046565702130412290_n.jpg.","Related campaign style: GB-SOC-003; uses same brand system as FB-SOC-002","05F230520BD8B123CE400B6F2134ABCED142BA208482C7F446CC995605CF2760"
"FB-SOC-002","b577da7fd944285b.jpg","09-social-graphics/b577da7fd944285b.jpg","promotional graphic","JPEG","1545x1999","Facebook photo","https://www.facebook.com/photo.php?fbid=122129574819229345&set=pb.61586880370088.-2207520000&type=3","2026-07-30 20:43 (Facebook display)","Post text: Its Here! Share and Comment a friend for a chance to win a FREE clean; limited spots","None","Residential / promotional","Maintenance plan offer","Not stated","Very good resolution; text-heavy flyer","Maintenance-plan campaign archive; offer reference; pricing/history documentation","FLAGGED for content review: promotional claims, pricing, spelling, and terms may be outdated. Preserve untouched. Original CDN name: 758904849_122129574825229345_6473252499861685657_n.jpg.","Related maintenance imagery: FB-RES-MNT-001, FB-RES-MNT-002, FB-RES-MNT-003","15227F8161F9D50FA494C87A7CC7DB78CC3E594DAA7208A7CD07B3D390D47CBB"
"FB-RES-MNT-003","d060c10c4ecd5ec9.jpg","04-residential-work/maintenance/d060c10c4ecd5ec9.jpg","residential maintenance","JPEG","720x960","Facebook photo","https://www.facebook.com/photo.php?fbid=122129316777229345&set=pb.61586880370088.-2207520000&type=3","2026-07-28 22:03 (Facebook display)","Foamy runoff and debris during outdoor condenser cleaning; location tag only","None","Residential","Coil/condenser cleaning process","Chesapeake, VA (Facebook tag)","Moderate; 720x960 close-up","Maintenance-process detail; educational before/during-cleaning content","Ambiguous close-up preserved rather than discarded. Original CDN name: 759746125_122129316783229345_7957194425810640331_n.jpg.","Related maintenance theme: FB-RES-MNT-001, FB-RES-MNT-002, GB-RES-MNT-001, GB-RES-MNT-002, GB-EQP-003","3C3CB25D7D8B9B6C00E3ED0EF704005047BD6E9A4B0AA8B9B5DCB18478C3BF58"
"GB-COM-MNT-001","95bae515691d9461.webp","05-commercial-work/maintenance/95bae515691d9461.webp","commercial maintenance","WebP","765x1020","Google Business photo gallery","https://share.google/6VmLpJkW5oOySqGqF","Displayed '1 week ago' on 2026-08-11 crawl; approx. 2026-08-04","Owner-uploaded rooftop package unit with used and replacement filters/tools","None","Commercial","Filter change / rooftop-unit maintenance","Business profile service area; exact site unknown","Good displayed source; 765x1020","Commercial maintenance page; rooftop service capability; process imagery","Google contributor shown as Ferguson & Sons Mechanical LLC. Source file preserved without extension as delivered.","Likely same commercial rooftop job set as GB-COM-REP-001, GB-TEAM-002, GB-VEH-001 and GB-COM-RTU-001","4B939FCCAB81A476D9AE30DBA3724B526C593F6CFA582E98568A878D5DFE8752"
"GB-RES-INS-001","58cd3907b8b80c1b.webp","04-residential-work/installations/58cd3907b8b80c1b.webp","residential installation","WebP","765x1020","Google Business photo gallery","https://share.google/6VmLpJkW5oOySqGqF","Displayed '1 week ago' on 2026-08-11 crawl; approx. 2026-08-04","Bryant indoor air-handler/furnace installation with drain and line work","None","Residential","Air-handler/furnace installation","Exact site unknown","Good displayed source; 765x1020","Residential installation page; equipment-install proof; case study","Source file preserved without extension as delivered.","Same equipment/install set as GB-RES-INS-002; different framing, not duplicate","F38716A5DA04EF1560FFF844ADC16B71054E2E2847CD504E5423D33F6AD0E379"
"GB-RES-HP-001","62f7444437590a68.webp","04-residential-work/mini-splits-heat-pumps/62f7444437590a68.webp","heat pump installation","WebP","765x1020","Google Business photo gallery","https://share.google/6VmLpJkW5oOySqGqF","Displayed '1 week ago' on 2026-08-11 crawl; approx. 2026-08-04","Outdoor heat-pump/condenser on raised platform with insulated lines and service equipment","None","Residential","Heat-pump installation / commissioning","Exact site unknown","Good displayed source; 765x1020","Heat-pump service page; installation proof","No mini-split indoor head is shown; classified as conventional heat-pump/outdoor-unit imagery.","No exact duplicate found","D25A2B77CC2F6A8CF97382F456B01BCC09A4965FA2A8287489BF59EA4DBD2D1B"
"GB-RES-REP-001","bbfe7ec814ef586f.webp","04-residential-work/repairs/bbfe7ec814ef586f.webp","residential repair","WebP","765x1020","Google Business photo gallery","https://share.google/6VmLpJkW5oOySqGqF","Displayed '1 week ago' on 2026-08-11 crawl; approx. 2026-08-04","Bryant outdoor condenser under active diagnostics/charging with gauges and tools","None","Residential","AC diagnostics / repair / commissioning","Exact site unknown","Good displayed source; 765x1020","AC repair page; diagnostics/process section","Source file preserved without extension as delivered.","Possibly same job as GB-RES-INS-003 (similar Bryant unit/brick wall); before-after relationship not verified","FB9656E273171CF7AFA3976FF2B4AC3262C0B7FFBB2CD937AD22D631891406F9"
"GB-RES-REP-002","d12c6e5142647c3d.webp","04-residential-work/repairs/d12c6e5142647c3d.webp","residential repair","WebP","1044x1020","Google Business photo gallery","https://share.google/6VmLpJkW5oOySqGqF","Displayed '1 week ago' on 2026-08-11 crawl; approx. 2026-08-04","Technician servicing residential package unit with gauges and recovery/service equipment","Technician, unidentified","Residential","Package-unit repair / refrigerant service","Exact site unknown","Good; near-square 1044x1020","AC repair page; technician-at-work; service process","Source file preserved without extension as delivered.","No exact duplicate found","591DEE8A7AA80E7BBE695F3549CF42CF3014E622C856699FD5B17A2D2E02D090"
"GB-RES-INS-002","b56c4cb43215e119.webp","04-residential-work/installations/b56c4cb43215e119.webp","residential installation","WebP","765x1020","Google Business photo gallery","https://share.google/6VmLpJkW5oOySqGqF","Displayed '1 week ago' on 2026-08-11 crawl; approx. 2026-08-04","Closer view of Bryant indoor air-handler/furnace installation","None","Residential","Air-handler/furnace installation","Exact site unknown","Good displayed source; 765x1020","Installation detail; equipment feature; case study","Source file preserved without extension as delivered.","Same equipment/install set as GB-RES-INS-001; different framing, not duplicate","B3A7738612B7D2E36461499D7D17FEC338615340C8F9D8EFA44591E2F9980635"
"GB-RES-MNT-001","ce82c16e8c07bb84.webp","04-residential-work/maintenance/ce82c16e8c07bb84.webp","residential maintenance","WebP","765x1020","Google Business photo gallery","https://share.google/6VmLpJkW5oOySqGqF","Displayed '1 week ago' on 2026-08-11 crawl; approx. 2026-08-04","Foam-brush cleaning of an outdoor condenser cabinet","None","Residential","Condenser cleaning / maintenance","Exact site unknown","Good displayed source; 765x1020","Maintenance page; close process shot","Source file preserved without extension as delivered.","Related maintenance/dirty-coil set: GB-RES-MNT-002 and GB-EQP-003; exact job linkage visually plausible, not confirmed","08482C2EDA55B09351A97C24EF4BA7B03FB1E95D4280D658A79BD229A9F43CDA"
"GB-EQP-001","dec800aa8f73a7c6.webp","06-equipment-closeups/dec800aa8f73a7c6.webp","equipment close-up","WebP","765x1020","Google Business photo gallery","https://share.google/6VmLpJkW5oOySqGqF","Displayed '1 week ago' on 2026-08-11 crawl; approx. 2026-08-04","Frozen indoor evaporator/line set and condensate/water condition","None","Residential","Frozen coil / no-cooling diagnosis","Exact site unknown","Good displayed source; 765x1020","Repair education; frozen-coil explainer; diagnostic detail","Ambiguous technical close-up preserved and flagged for subject-matter confirmation.","No exact duplicate found","65B5F2950583C1D4147B5FC6171C7FA1144BB508DA200DDEB79839ACBDC6A25D"
"GB-COM-REP-001","4d1e9bec9554b249.webp","05-commercial-work/repairs/4d1e9bec9554b249.webp","commercial repair","WebP","765x1020","Google Business photo gallery","https://share.google/6VmLpJkW5oOySqGqF","Displayed '1 week ago' on 2026-08-11 crawl; approx. 2026-08-04","Technician using meter/gauges on rooftop package unit","Technician, possibly Chance Ferguson, unconfirmed","Commercial","Electrical/refrigeration diagnostics on rooftop unit","Exact commercial site unknown","Good displayed source; 765x1020","Commercial repair page; technician-at-work; rooftop capability","Identity is an inference from consistent appearance and must be confirmed before labeling publicly.","Likely same commercial rooftop job set as GB-COM-MNT-001, GB-TEAM-002, GB-VEH-001 and GB-COM-RTU-001","0AB62B9AECF2B2F5D9E77DE762AD63093413667D1DF022BFFD2EE87D2EBA85C1"
"GB-RES-MNT-002","b7197758eb3a1bc2.webp","04-residential-work/maintenance/b7197758eb3a1bc2.webp","residential maintenance","WebP","765x1020","Google Business photo gallery","https://share.google/6VmLpJkW5oOySqGqF","Displayed '1 week ago' on 2026-08-11 crawl; approx. 2026-08-04","Exposed condenser coil covered with cleaning foam/soil","None","Residential","Deep condenser-coil cleaning","Exact site unknown","Good displayed source; 765x1020","Maintenance results/process; educational content","Source file preserved without extension as delivered.","Related maintenance/dirty-coil set: GB-RES-MNT-001 and GB-EQP-003; exact job linkage visually plausible, not confirmed","6449914533926B3208DBD5F351C7D93420574C7260664EFF292679AE2FBBB477"
"GB-RES-INS-003","b25bedf34e3bb6d4.webp","04-residential-work/installations/b25bedf34e3bb6d4.webp","residential installation","WebP","765x1020","Google Business photo gallery","https://share.google/6VmLpJkW5oOySqGqF","Displayed '1 week ago' on 2026-08-11 crawl; approx. 2026-08-04","Completed Bryant outdoor condenser at brick-wall residence","None","Residential","Outdoor condenser installation / finished equipment","Exact site unknown","Good displayed source; 765x1020","Installation page; completed-work gallery; equipment proof","Source file preserved without extension as delivered.","Possibly same job as GB-RES-REP-001; before-after relationship not verified","6AF6F6B7911838C9279BFFBB789C5A0739468C3903FBA7522D59BFE8187D83A5"
"GB-EQP-002","6679fdcb075a0500.webp","06-equipment-closeups/6679fdcb075a0500.webp","equipment close-up","WebP","765x1020","Google Business photo gallery","https://share.google/6VmLpJkW5oOySqGqF","Displayed '1 week ago' on 2026-08-11 crawl; approx. 2026-08-04","Heavily soiled exposed condenser coil close-up","None","Residential","Dirty-coil diagnosis / maintenance need","Exact site unknown","Good displayed source; 765x1020","Maintenance education; problem/solution visual; possible before image","No paired after image is verified; do not present as before/after without owner confirmation.","Related maintenance/dirty-coil set: GB-RES-MNT-001 and GB-RES-MNT-002","073C272972BA30BEC9CD1768954EC2CC1B6FB99F1E4D91765DC09BB13F918921"
"GB-VEH-001","e1f2bf8d4b51adc0.webp","03-vehicles/e1f2bf8d4b51adc0.webp","vehicle","WebP","765x1020","Google Business photo gallery","https://share.google/6VmLpJkW5oOySqGqF","Displayed '1 week ago' on 2026-08-11 crawl; approx. 2026-08-04","Ford F-150 service truck with Ferguson & Sons door sign, ladders and rack","None","Commercial job context","Service vehicle / rooftop access","Exact site unknown","Good displayed source; 765x1020","Fleet/truck section; About page; local-service proof","License plate is visible; review privacy/retouch policy before public website use. Source original remains untouched.","Likely same commercial rooftop job set as GB-COM-MNT-001, GB-COM-REP-001, GB-TEAM-002 and GB-COM-RTU-001","EDE0AB3189A3053A23AD82DA42E4DE16008FC0ED2FDFDA2E70DA5E82347CDB44"
"GB-COM-RTU-001","cedb2ad2dc3cc4c8.webp","05-commercial-work/rooftop-units/cedb2ad2dc3cc4c8.webp","rooftop unit","WebP","765x1020","Google Business photo gallery","https://share.google/6VmLpJkW5oOySqGqF","Displayed '1 week ago' on 2026-08-11 crawl; approx. 2026-08-04","York commercial rooftop package unit","None","Commercial","Rooftop-unit equipment/capability","Exact site unknown","Good displayed source; 765x1020","Commercial HVAC page; rooftop-unit capability; equipment gallery","Source file preserved without extension as delivered.","Likely same commercial rooftop job set as GB-COM-MNT-001, GB-COM-REP-001, GB-TEAM-002 and GB-VEH-001","EF0C41D656EDDE6872276D1104210FD9FA3C54618D8D21D94597B9C6089F2D56"
"GB-RES-INS-004","9c915630a30d6c63.webp","04-residential-work/installations/9c915630a30d6c63.webp","residential installation","WebP","765x1020","Google Business photo gallery","https://share.google/6VmLpJkW5oOySqGqF","Displayed '1 week ago' on 2026-08-11 crawl; approx. 2026-08-04","New residential package unit/duct transition with technician visible","Young technician, unidentified","Residential","Package-unit installation / changeout","Exact site unknown","Good displayed source; 765x1020","Installation/changeout page; team-at-work; finished equipment","Source file preserved without extension as delivered.","Technician appears consistent with FB-RES-MNT-001 and FB-RES-MNT-002; identity unconfirmed","9CA13FECF54FEB794DEDC2044648C816D14578C301692DBD12088FA2192EC60A"
"GB-SOC-001","bbdb50b1e589e818.webp","09-social-graphics/bbdb50b1e589e818.webp","promotional portrait","WebP","816x1020","Google Business photo gallery","https://share.google/6VmLpJkW5oOySqGqF","Displayed '1 week ago' on 2026-08-11 crawl; approx. 2026-08-04","Highly stylized patriotic portrait with uniform name patch 'Chance' and HVAC gauges","Stylized/AI-composite likeness labeled Chance","Promotional","General HVAC branding","Synthetic/composite scene; location not factual","Good displayed source; 816x1020","Social campaign archive only; potential concept reference","FLAGGED: appears AI-generated or heavily composited. Do not treat as authentic documentary portrait or factual location/equipment scene without owner confirmation.","Related stylized promotional assets: GB-SOC-002, GB-SOC-003 and FB-SOC-001","FA1487679CA5A8B5200AEE7608FB8A44A061C43F02F37728E7DF08EEE205C81A"
"GB-TEAM-001","feac799cd5589242.webp","02-team/technicians/feac799cd5589242.webp","team / technicians","WebP","765x1020","Google Business photo gallery","https://share.google/6VmLpJkW5oOySqGqF","Displayed '1 week ago' on 2026-08-11 crawl; approx. 2026-08-04","Job-site selfie during residential package-unit installation","Chance Ferguson at front, inferred from consistent/labeled likeness; two unidentified technicians","Residential","Installation/changeout team at work","Exact site unknown","Good displayed source; 765x1020; authentic candid photo","About/team page; family-business story; installation service page","Chance identity is likely but should be confirmed; two other people need names/consent for public labeling.","Related technician imagery: GB-RES-INS-004, FB-RES-MNT-001 and FB-RES-MNT-002","D56C322F2F4CD218A8FBB3AAC32E59CBB8313B5CE047309E0BEB50BA25216A1C"
"GB-SOC-002","5fa82f65bffc8fa6.webp","09-social-graphics/5fa82f65bffc8fa6.webp","promotional graphic","WebP","937x1020","Google Business photo gallery","https://share.google/6VmLpJkW5oOySqGqF","Displayed '1 week ago' on 2026-08-11 crawl; approx. 2026-08-04","Humorous/composite technician and rooftop unit on the sun","Stylized/AI-composite male likeness; identity unconfirmed","Promotional","General HVAC heat-themed promotion","Synthetic/composite scene; location not factual","Good displayed source; 937x1020","Social campaign archive only; humorous content reference","FLAGGED: appears AI-generated or heavily composited. Not authentic work-site photography.","Related stylized promotional assets: GB-SOC-001, GB-SOC-003 and FB-SOC-001","990FCAA170A6E843D19001C2DDED579185FE9E1EC48EC8DAB9E10840B729C725"
"GB-TEAM-002","69357bf12fb9152f.webp","02-team/chance/69357bf12fb9152f.webp","Chance Ferguson","WebP","765x1020","Google Business photo gallery","https://share.google/6VmLpJkW5oOySqGqF","Displayed '1 week ago' on 2026-08-11 crawl; approx. 2026-08-04","Person waving from commercial rooftop edge","Chance Ferguson, probable but distant and unconfirmed","Commercial","Commercial rooftop work / local team presence","Exact commercial site unknown","Good displayed source; 765x1020; subject distant","About/owner story; commercial-service story; candid team image","Identity must be confirmed before public captioning.","Likely same commercial rooftop job set as GB-COM-MNT-001, GB-COM-REP-001, GB-VEH-001 and GB-COM-RTU-001","DFD90039B072A99F104098036FC2BE761ED61620E05EA3F7E7F1CF658CED0393"
"GB-SOC-003","7042b6a8e4f7323c.webp","09-social-graphics/7042b6a8e4f7323c.webp","promotional graphic photo","WebP","765x1020","Google Business photo gallery","https://share.google/6VmLpJkW5oOySqGqF","Displayed '1 week ago' on 2026-08-11 crawl; approx. 2026-08-04","Photograph of printed superhero-style Ferguson & Sons flyer on refrigerator","Superhero/promotional male likeness; likely Chance, unconfirmed","Promotional","General residential/commercial repair and maintenance promotion","Exact location unknown","Good displayed source; 765x1020","Campaign archive; grassroots/community-marketing story","FLAGGED: printed promo contains a synthetic/composited likeness and handwritten/printed claims; proofread and verify before reuse.","Related campaign style: FB-SOC-001; related stylized assets: GB-SOC-001 and GB-SOC-002","1D709E15B95759277C4483666FE964FBD9D5B200A0A9324FE1B1CDC54DB66EA0"
"FB-RES-INS-005","FB-RES-INS-005_725005678_122125030893229345.jpg","04-residential-work/installations/FB-RES-INS-005_725005678_122125030893229345.jpg","residential installation","JPEG","1536x2048","Facebook post, signed-in session","https://www.facebook.com/61586880370088/posts/122125030755229345/","Post date not displayed; collected 2026-08-12","Residential replacement/changeout gallery; authentic job photo","None / identity not confirmed","Residential","HVAC replacement/changeout","Norfolk, VA (post tag)","Very good; original full-size","Authentic service/work proof; future selection pending","Original Facebook JPEG preserved untouched; source filename retained in local filename.","No exact duplicate found in existing archive","52D75D1BAD02CC47D9EB5DA6BEF6D70B48DD6EBE96A881B2BC947F40D1CE300C"
"FB-RES-INS-006","FB-RES-INS-006_727449552_122125030911229345.jpg","04-residential-work/installations/FB-RES-INS-006_727449552_122125030911229345.jpg","residential installation","JPEG","1536x2048","Facebook post, signed-in session","https://www.facebook.com/61586880370088/posts/122125030755229345/","Post date not displayed; collected 2026-08-12","Residential replacement/changeout gallery; authentic job photo","None / identity not confirmed","Residential","HVAC replacement/changeout","Norfolk, VA (post tag)","Very good; original full-size","Authentic service/work proof; future selection pending","Original Facebook JPEG preserved untouched; source filename retained in local filename.","No exact duplicate found in existing archive","8C768A32B5A0449B80BBCE4EEB25289AD695DDFC533E911593291F1554251D93"
"FB-RES-INS-007","FB-RES-INS-007_724033960_122125030935229345.jpg","04-residential-work/installations/FB-RES-INS-007_724033960_122125030935229345.jpg","residential installation","JPEG","1536x2048","Facebook post, signed-in session","https://www.facebook.com/61586880370088/posts/122125030755229345/","Post date not displayed; collected 2026-08-12","Residential replacement/changeout gallery; authentic job photo","None / identity not confirmed","Residential","HVAC replacement/changeout","Norfolk, VA (post tag)","Very good; original full-size","Authentic service/work proof; future selection pending","Original Facebook JPEG preserved untouched; source filename retained in local filename.","No exact duplicate found in existing archive","F3A2A19C0287DC5BA85F3A5FB1F160B547FFF1FD6134781BA6EF1F077E07B17D"
"FB-RES-INS-008","FB-RES-INS-008_727671491_122125030923229345.jpg","04-residential-work/installations/FB-RES-INS-008_727671491_122125030923229345.jpg","residential installation","JPEG","1536x2048","Facebook post, signed-in session","https://www.facebook.com/61586880370088/posts/122125030755229345/","Post date not displayed; collected 2026-08-12","Residential replacement/changeout gallery; authentic job photo","None / identity not confirmed","Residential","HVAC replacement/changeout","Norfolk, VA (post tag)","Very good; original full-size","Authentic service/work proof; future selection pending","Original Facebook JPEG preserved untouched; source filename retained in local filename.","No exact duplicate found in existing archive","C333A3322E43BABF964E4B319BD8CE9A38A2BAA0F70A7328EE09FC5AE4B1103A"
"FB-RES-REP-003","FB-RES-REP-003_745690224_122127431211229345.jpg","04-residential-work/repairs/FB-RES-REP-003_745690224_122127431211229345.jpg","residential repair","JPEG","1536x2048","Facebook post, signed-in session","https://www.facebook.com/61586880370088/posts/122127431055229345/","Post date not displayed; collected 2026-08-12","1986 Trane no-cooling/capacitor diagnostic gallery; authentic job photo","None / identity not confirmed","Residential","No-cooling diagnostic; capacitor/compressor","Not stated","Very good; original full-size","Authentic service/work proof; future selection pending","Original Facebook JPEG preserved untouched; source filename retained in local filename.","No exact duplicate found in existing archive","F97B296B935D45F73332A36B6182E55C2F62CBDCD96B9D22371EF63EDAC546F3"
"FB-EQP-002","FB-EQP-002_745699790_122127431235229345.jpg","06-equipment-closeups/FB-EQP-002_745699790_122127431235229345.jpg","equipment close-up","JPEG","1536x2048","Facebook post, signed-in session","https://www.facebook.com/61586880370088/posts/122127431055229345/","Post date not displayed; collected 2026-08-12","1986 Trane diagnostic gallery; authentic job photo","None / identity not confirmed","Residential","Capacitor/compressor diagnostic","Not stated","Very good; original full-size","Authentic service/work proof; future selection pending","Original Facebook JPEG preserved untouched; source filename retained in local filename.","No exact duplicate found in existing archive","8E3E17962956BC98F44A86A9A512E07EFB3456512EA86C50E2EEF1B42E45CB15"
"FB-EQP-003","FB-EQP-003_744858729_122127431199229345.jpg","06-equipment-closeups/FB-EQP-003_744858729_122127431199229345.jpg","equipment close-up","JPEG","1536x2048","Facebook post, signed-in session","https://www.facebook.com/61586880370088/posts/122127431055229345/","Post date not displayed; collected 2026-08-12","1986 Trane diagnostic gallery; authentic job photo","None / identity not confirmed","Residential","Capacitor/compressor diagnostic","Not stated","Very good; original full-size","Authentic service/work proof; future selection pending","Original Facebook JPEG preserved untouched; source filename retained in local filename.","No exact duplicate found in existing archive","0C975D586BF6E5E02D6BDFA61FD040D70F44AC0A316C836162C2238E53F37496"
"FB-RES-REP-004","FB-RES-REP-004_745686442_122127431223229345.jpg","04-residential-work/repairs/FB-RES-REP-004_745686442_122127431223229345.jpg","residential repair","JPEG","1536x2048","Facebook post, signed-in session","https://www.facebook.com/61586880370088/posts/122127431055229345/","Post date not displayed; collected 2026-08-12","1986 Trane diagnostic gallery; authentic job photo","None / identity not confirmed","Residential","No-cooling diagnostic","Not stated","Very good; original full-size","Authentic service/work proof; future selection pending","Original Facebook JPEG preserved untouched; source filename retained in local filename.","No exact duplicate found in existing archive","08ED169F81B9D0C042F05267DD30F4333A8CB56F0AD0A08809C8A902664464EB"
"FB-RES-MNT-006","FB-RES-MNT-003_749301097_122127861375229345.jpg","04-residential-work/maintenance/FB-RES-MNT-003_749301097_122127861375229345.jpg","residential maintenance","JPEG","1536x2048","Facebook post, signed-in session","https://www.facebook.com/61586880370088/posts/122127861267229345/","Post date not displayed; collected 2026-08-12","Professional cleaning/no-cool gallery; authentic job photo","None / identity not confirmed","Residential","Condenser/coil cleaning","Chesapeake, VA (post tag)","Very good; original full-size","Authentic service/work proof; future selection pending","Original Facebook JPEG preserved untouched; source filename retained in local filename.","No exact duplicate found in existing archive","C764D65A81E215C367CD7763A86EC50EF27DF360A038385313DFF6D01D9F3C24"
"FB-RES-MNT-004","FB-RES-MNT-004_749022980_122127861387229345.jpg","04-residential-work/maintenance/FB-RES-MNT-004_749022980_122127861387229345.jpg","residential maintenance","JPEG","1536x2048","Facebook post, signed-in session","https://www.facebook.com/61586880370088/posts/122127861267229345/","Post date not displayed; collected 2026-08-12","Professional cleaning/no-cool gallery; authentic job photo","None / identity not confirmed","Residential","Condenser/coil cleaning","Chesapeake, VA (post tag)","Very good; original full-size","Authentic service/work proof; future selection pending","Original Facebook JPEG preserved untouched; source filename retained in local filename.","No exact duplicate found in existing archive","BEA38DF2BE3F82935354750CE4D5757E8B0ED640D37A45E8846A33E0B174FF19"
"FB-RES-MNT-005","FB-RES-MNT-005_748016293_122127861417229345.jpg","04-residential-work/maintenance/FB-RES-MNT-005_748016293_122127861417229345.jpg","residential maintenance","JPEG","1536x2048","Facebook post, signed-in session","https://www.facebook.com/61586880370088/posts/122127861267229345/","Post date not displayed; collected 2026-08-12","Professional cleaning/no-cool gallery; authentic job photo","None / identity not confirmed","Residential","Condenser/coil cleaning","Chesapeake, VA (post tag)","Very good; original full-size","Authentic service/work proof; future selection pending","Original Facebook JPEG preserved untouched; source filename retained in local filename.","No exact duplicate found in existing archive","5F931780234D66B42E1A1AF949978F144C2361C9C9587CF5092E23EA847C8CA6"
"FB-COM-MNT-001","FB-COM-MNT-001_748592808_122127621483229345.jpg","05-commercial-work/maintenance/FB-COM-MNT-001_748592808_122127621483229345.jpg","commercial maintenance","JPEG","1536x2048","Facebook post, signed-in session","https://www.facebook.com/61586880370088/posts/122127621339229345/","Post date not displayed; collected 2026-08-12","Newport News commercial service-call gallery; authentic job photo","None / identity not confirmed","Commercial","Commercial HVAC service","Newport News, VA (post tag)","Very good; original full-size","Authentic service/work proof; future selection pending","Original Facebook JPEG preserved untouched; source filename retained in local filename.","No exact duplicate found in existing archive","C8A663A2437647FE55582ED4FD9EA384062B2B58211BC9E0FDD0584BE2BF9D38"
"FB-COM-MNT-002","FB-COM-MNT-002_748133927_122127621465229345.jpg","05-commercial-work/maintenance/FB-COM-MNT-002_748133927_122127621465229345.jpg","commercial maintenance","JPEG","1536x2048","Facebook post, signed-in session","https://www.facebook.com/61586880370088/posts/122127621339229345/","Post date not displayed; collected 2026-08-12","Newport News commercial service-call gallery; authentic job photo","None / identity not confirmed","Commercial","Commercial HVAC service","Newport News, VA (post tag)","Very good; original full-size","Authentic service/work proof; future selection pending","Original Facebook JPEG preserved untouched; source filename retained in local filename.","No exact duplicate found in existing archive","CBFBF5ECBA3FE14768BC2DE8F2DF8F59F2990179608152BDB2253AA1ADC2BA32"
"FB-COM-MNT-003","FB-COM-MNT-003_746842818_122127621453229345.jpg","05-commercial-work/maintenance/FB-COM-MNT-003_746842818_122127621453229345.jpg","commercial maintenance","JPEG","1536x2048","Facebook post, signed-in session","https://www.facebook.com/61586880370088/posts/122127621339229345/","Post date not displayed; collected 2026-08-12","Newport News commercial service-call gallery; authentic job photo","None / identity not confirmed","Commercial","Commercial HVAC service","Newport News, VA (post tag)","Very good; original full-size","Authentic service/work proof; future selection pending","Original Facebook JPEG preserved untouched; source filename retained in local filename.","No exact duplicate found in existing archive","5B6E4E8EB81A62374F1DB45BA9B7620F2E275879A8C53DA8740395853E54BDD2"
"FB-EQP-004","FB-EQP-004_754098288_122128707723229345.jpg","06-equipment-closeups/FB-EQP-004_754098288_122128707723229345.jpg","equipment close-up","JPEG","1536x2048","Facebook post, signed-in session","https://www.facebook.com/61586880370088/posts/122128707573229345/","Post date not displayed; collected 2026-08-12","Compressor/filter-drier protective-coating gallery; authentic job photo","None / identity not confirmed","General","Compressor replacement; protective coating","Not stated","Very good; original full-size","Authentic service/work proof; future selection pending","Original Facebook JPEG preserved untouched; source filename retained in local filename.","No exact duplicate found in existing archive","84C54A2E40ADAE063BEE2F3262C09DD99B83DC61C2C58EC5A4F806C426E64631"
"FB-EQP-005","FB-EQP-005_754971195_122128707711229345.jpg","06-equipment-closeups/FB-EQP-005_754971195_122128707711229345.jpg","equipment close-up","JPEG","1536x2048","Facebook post, signed-in session","https://www.facebook.com/61586880370088/posts/122128707573229345/","Post date not displayed; collected 2026-08-12","Compressor/filter-drier protective-coating gallery; authentic job photo","None / identity not confirmed","General","Compressor replacement; protective coating","Not stated","Very good; original full-size","Authentic service/work proof; future selection pending","Original Facebook JPEG preserved untouched; source filename retained in local filename.","No exact duplicate found in existing archive","BF7F6DC94841A140F27164066A0276F59533B8480EB5E7D468B6BDBCED2797F0"
"FB-EQP-006","FB-EQP-006_751388778_122128707735229345.jpg","06-equipment-closeups/FB-EQP-006_751388778_122128707735229345.jpg","equipment close-up","JPEG","1536x2048","Facebook post, signed-in session","https://www.facebook.com/61586880370088/posts/122128707573229345/","Post date not displayed; collected 2026-08-12","Compressor/filter-drier protective-coating gallery; authentic job photo","None / identity not confirmed","General","Compressor replacement; protective coating","Not stated","Very good; original full-size","Authentic service/work proof; future selection pending","Original Facebook JPEG preserved untouched; source filename retained in local filename.","No exact duplicate found in existing archive","7D953477BDE55C00DE30EC6FB9E58C9EF7B0343896279E8586BC8BF73022702B"
"FB-RES-HP-001","FB-RES-HP-001_751578503_122127861879229345.jpg","04-residential-work/mini-splits-heat-pumps/FB-RES-HP-001_751578503_122127861879229345.jpg","mini-split / heat-pump work","JPEG","1536x2048","Facebook post, signed-in session","https://www.facebook.com/61586880370088/posts/122127861753229345/","Post date not displayed; collected 2026-08-12","Mini-split/heat-pump season gallery; authentic job photo","None / identity not confirmed","Residential","Mini-split / heat-pump work","Virginia Beach, VA (post tag)","Very good; original full-size","Authentic service/work proof; future selection pending","Original Facebook JPEG preserved untouched; source filename retained in local filename.","No exact duplicate found in existing archive","6EF932A2479EDC3C77E3477DB954F7E7C5F136AE1D0F22090A6C3D12AB13E7E0"
"FB-RES-HP-002","FB-RES-HP-002_749665320_122127861927229345.jpg","04-residential-work/mini-splits-heat-pumps/FB-RES-HP-002_749665320_122127861927229345.jpg","mini-split / heat-pump work","JPEG","1536x2048","Facebook post, signed-in session","https://www.facebook.com/61586880370088/posts/122127861753229345/","Post date not displayed; collected 2026-08-12","Mini-split/heat-pump season gallery; authentic job photo","None / identity not confirmed","Residential","Mini-split / heat-pump work","Virginia Beach, VA (post tag)","Very good; original full-size","Authentic service/work proof; future selection pending","Original Facebook JPEG preserved untouched; source filename retained in local filename.","No exact duplicate found in existing archive","14B7ECA2175787DC5BCCD3B3B3BB95A618D6C2545BCC37DA91E02C701454126C"
"FB-RES-HP-003","FB-RES-HP-003_749239601_122127861939229345.jpg","04-residential-work/mini-splits-heat-pumps/FB-RES-HP-003_749239601_122127861939229345.jpg","mini-split / heat-pump work","JPEG","1536x2048","Facebook post, signed-in session","https://www.facebook.com/61586880370088/posts/122127861753229345/","Post date not displayed; collected 2026-08-12","Mini-split/heat-pump season gallery; authentic job photo","None / identity not confirmed","Residential","Mini-split / heat-pump work","Virginia Beach, VA (post tag)","Very good; original full-size","Authentic service/work proof; future selection pending","Original Facebook JPEG preserved untouched; source filename retained in local filename.","No exact duplicate found in existing archive","1D08553EE7BF0A462F1B3A63325AA157E45D12D24F8B4B5F20E72FE21DDF9CA9"
"FB-RES-HP-004","FB-RES-HP-004_750976018_122127861891229345.jpg","04-residential-work/mini-splits-heat-pumps/FB-RES-HP-004_750976018_122127861891229345.jpg","mini-split / heat-pump work","JPEG","1536x2048","Facebook post, signed-in session","https://www.facebook.com/61586880370088/posts/122127861753229345/","Post date not displayed; collected 2026-08-12","Mini-split/heat-pump season gallery; authentic job photo","None / identity not confirmed","Residential","Mini-split / heat-pump work","Virginia Beach, VA (post tag)","Very good; original full-size","Authentic service/work proof; future selection pending","Original Facebook JPEG preserved untouched; source filename retained in local filename.","No exact duplicate found in existing archive","B5721AC9BBE1CB6B402FF2734CA39DA639F69B415AE8848A1C1E2A73006B2F96"
"FB-RAW-122113198557229345","FB-RAW-651698329_122113198557229345_7247158882976265257_n.jpg","02-team/technicians/FB-RAW-651698329_122113198557229345_7247158882976265257_n.jpg","02-team / technicians","JPEG","Full size; dimensions in source file","Facebook Photos section, signed-in session","https://www.facebook.com/photo/?fbid=122113198557229345","Not displayed; collected 2026-08-12","Systematic raw Photos-section collection; business relevance retained pending review","Identity not yet reviewed","Unclassified","Unclassified","Not stated","Good; full-size Facebook source","Raw business archive; future classification and suitability review","Authenticity type: original business-page photo. Privacy/public-use review required if family or personal imagery is shown. Classified from signed-in Facebook Photos archive by visual review.","Distinct visible photo; not compared as a crop/near-duplicate.","F3CE67954451218A7027406D1C3F1D871FD69F75060566FFE6C380C69921B01B"
"FB-RAW-122113198563229345","FB-RAW-651727635_122113198563229345_4566761878800662893_n.jpg","02-team/technicians/FB-RAW-651727635_122113198563229345_4566761878800662893_n.jpg","02-team / technicians","JPEG","Full size; dimensions in source file","Facebook Photos section, signed-in session","https://www.facebook.com/photo/?fbid=122113198563229345","Not displayed; collected 2026-08-12","Systematic raw Photos-section collection; business relevance retained pending review","Identity not yet reviewed","Unclassified","Unclassified","Not stated","Good; full-size Facebook source","Raw business archive; future classification and suitability review","Authenticity type: original business-page photo. Privacy/public-use review required if family or personal imagery is shown. Classified from signed-in Facebook Photos archive by visual review.","Distinct visible photo; not compared as a crop/near-duplicate.","79A3A004A34D9A42F1A276EA5632792BE39FD0C600A2E963CDEE45D23930F0BB"
"FB-RAW-122113198533229345","FB-RAW-652672660_122113198533229345_6831590307656893736_n.jpg","04-residential-work/maintenance/FB-RAW-652672660_122113198533229345_6831590307656893736_n.jpg","04-residential-work / maintenance","JPEG","Full size; dimensions in source file","Facebook Photos section, signed-in session","https://www.facebook.com/photo/?fbid=122113198533229345","Not displayed; collected 2026-08-12","Systematic raw Photos-section collection; business relevance retained pending review","Identity not yet reviewed","Unclassified","Unclassified","Not stated","Good; full-size Facebook source","Raw business archive; future classification and suitability review","Authenticity type: original business-page photo. Privacy/public-use review required if family or personal imagery is shown. Classified from signed-in Facebook Photos archive by visual review.","Distinct visible photo; not compared as a crop/near-duplicate.","D8C96D4D2EA36288F1FE8BAB529BE7C9F7152DBEB973091B6BF1CBC950FC28F8"
"FB-RAW-122113891107229345","FB-RAW-653822680_122113891107229345_3334582554825886908_n.jpg","04-residential-work/maintenance/FB-RAW-653822680_122113891107229345_3334582554825886908_n.jpg","04-residential-work / maintenance","JPEG","Full size; dimensions in source file","Facebook Photos section, signed-in session","https://www.facebook.com/photo/?fbid=122113891107229345","Not displayed; collected 2026-08-12","Systematic raw Photos-section collection; business relevance retained pending review","Identity not yet reviewed","Unclassified","Unclassified","Not stated","Good; full-size Facebook source","Raw business archive; future classification and suitability review","Authenticity type: original business-page photo. Privacy/public-use review required if family or personal imagery is shown. Classified from signed-in Facebook Photos archive by visual review.","Distinct visible photo; not compared as a crop/near-duplicate.","4FE44477DD0FD5B8AA2452C318E9E78F60B076F31BE1BFD151E15FFB11E5810B"
"FB-RAW-122113999605229345","FB-RAW-654207583_122113999605229345_3760879236071393058_n.jpg","09-social-graphics/reference-shared-content/FB-RAW-654207583_122113999605229345_3760879236071393058_n.jpg","09-social-graphics / reference-shared-content","JPEG","Full size; dimensions in source file","Facebook Photos section, signed-in session","https://www.facebook.com/photo/?fbid=122113999605229345","Not displayed; collected 2026-08-12","Systematic raw Photos-section collection; business relevance retained pending review","Identity not yet reviewed","Unclassified","Unclassified","Not stated","Good; full-size Facebook source","Raw business archive; future classification and suitability review","Authenticity type: original business-page photo. Privacy/public-use review required if family or personal imagery is shown. Classified from signed-in Facebook Photos archive by visual review.","Distinct visible photo; not compared as a crop/near-duplicate.","B781B3C7C80827D13ADD2816FFE56102C2FC46205FBFFC2B89151CD8531C5FB7"
"FB-RAW-122114996391229345","FB-RAW-657028769_122114996391229345_7442002193066569665_n.jpg","04-residential-work/maintenance/FB-RAW-657028769_122114996391229345_7442002193066569665_n.jpg","04-residential-work / maintenance","JPEG","Full size; dimensions in source file","Facebook Photos section, signed-in session","https://www.facebook.com/photo/?fbid=122114996391229345","Not displayed; collected 2026-08-12","Systematic raw Photos-section collection; business relevance retained pending review","Identity not yet reviewed","Unclassified","Unclassified","Not stated","Good; full-size Facebook source","Raw business archive; future classification and suitability review","Authenticity type: original business-page photo. Privacy/public-use review required if family or personal imagery is shown. Classified from signed-in Facebook Photos archive by visual review.","Distinct visible photo; not compared as a crop/near-duplicate.","F4170AEC9C864EE39336CDC0F1DA27FD4F23CC09F85EB5696BDCDBCCAC7E6726"
"FB-RAW-122114870943229345","FB-RAW-658010839_122114870943229345_7693373435910270819_n.jpg","04-residential-work/maintenance/FB-RAW-658010839_122114870943229345_7693373435910270819_n.jpg","04-residential-work / maintenance","JPEG","Full size; dimensions in source file","Facebook Photos section, signed-in session","https://www.facebook.com/photo/?fbid=122114870943229345","Not displayed; collected 2026-08-12","Systematic raw Photos-section collection; business relevance retained pending review","Identity not yet reviewed","Unclassified","Unclassified","Not stated","Good; full-size Facebook source","Raw business archive; future classification and suitability review","Authenticity type: original business-page photo. Privacy/public-use review required if family or personal imagery is shown. Classified from signed-in Facebook Photos archive by visual review.","Distinct visible photo; not compared as a crop/near-duplicate.","9B286FBAB8DD3791313FAF987C4475D6950C7E8ECA150DC12ED6412F4B479C34"
"FB-RAW-122114870913229345","FB-RAW-658831781_122114870913229345_6788861316099627933_n.jpg","04-residential-work/maintenance/FB-RAW-658831781_122114870913229345_6788861316099627933_n.jpg","04-residential-work / maintenance","JPEG","Full size; dimensions in source file","Facebook Photos section, signed-in session","https://www.facebook.com/photo/?fbid=122114870913229345","Not displayed; collected 2026-08-12","Systematic raw Photos-section collection; business relevance retained pending review","Identity not yet reviewed","Unclassified","Unclassified","Not stated","Good; full-size Facebook source","Raw business archive; future classification and suitability review","Authenticity type: original business-page photo. Privacy/public-use review required if family or personal imagery is shown. Classified from signed-in Facebook Photos archive by visual review.","Distinct visible photo; not compared as a crop/near-duplicate.","BB4840E24AD1732A91BDC134841F8A49BE38628D6C496BBDE8CDEE70672994A1"
"FB-RAW-122114996547229345","FB-RAW-658948148_122114996547229345_4128673820183227614_n.jpg","04-residential-work/maintenance/FB-RAW-658948148_122114996547229345_4128673820183227614_n.jpg","04-residential-work / maintenance","JPEG","Full size; dimensions in source file","Facebook Photos section, signed-in session","https://www.facebook.com/photo/?fbid=122114996547229345","Not displayed; collected 2026-08-12","Systematic raw Photos-section collection; business relevance retained pending review","Identity not yet reviewed","Unclassified","Unclassified","Not stated","Good; full-size Facebook source","Raw business archive; future classification and suitability review","Authenticity type: original business-page photo. Privacy/public-use review required if family or personal imagery is shown. Classified from signed-in Facebook Photos archive by visual review.","Distinct visible photo; not compared as a crop/near-duplicate.","DB92ADCC36DAC19397D38FAEFC269AEC94F02501C233D66F3CE8D6FAC36E5FC0"
"FB-RAW-122114996559229345","FB-RAW-660147820_122114996559229345_1335846392344547332_n.jpg","04-residential-work/maintenance/FB-RAW-660147820_122114996559229345_1335846392344547332_n.jpg","04-residential-work / maintenance","JPEG","Full size; dimensions in source file","Facebook Photos section, signed-in session","https://www.facebook.com/photo/?fbid=122114996559229345","Not displayed; collected 2026-08-12","Systematic raw Photos-section collection; business relevance retained pending review","Identity not yet reviewed","Unclassified","Unclassified","Not stated","Good; full-size Facebook source","Raw business archive; future classification and suitability review","Authenticity type: original business-page photo. Privacy/public-use review required if family or personal imagery is shown. Classified from signed-in Facebook Photos archive by visual review.","Distinct visible photo; not compared as a crop/near-duplicate.","FF02C5ABE5721CE5F49CA6C93645032AFFD73D19683A0DFBC550D17D95D03EF1"
"FB-RAW-122114870925229345","FB-RAW-660286635_122114870925229345_3694625638677841974_n.jpg","04-residential-work/maintenance/FB-RAW-660286635_122114870925229345_3694625638677841974_n.jpg","04-residential-work / maintenance","JPEG","Full size; dimensions in source file","Facebook Photos section, signed-in session","https://www.facebook.com/photo/?fbid=122114870925229345","Not displayed; collected 2026-08-12","Systematic raw Photos-section collection; business relevance retained pending review","Identity not yet reviewed","Unclassified","Unclassified","Not stated","Good; full-size Facebook source","Raw business archive; future classification and suitability review","Authenticity type: original business-page photo. Privacy/public-use review required if family or personal imagery is shown. Classified from signed-in Facebook Photos archive by visual review.","Distinct visible photo; not compared as a crop/near-duplicate.","58AEF4ECD273B132AECFB3C636D09F9E40ACDBB29068A82BA470ADB232124B28"
"FB-RAW-122116017537229345","FB-RAW-660306290_122116017537229345_7476092044409614000_n.jpg","04-residential-work/maintenance/FB-RAW-660306290_122116017537229345_7476092044409614000_n.jpg","04-residential-work / maintenance","JPEG","Full size; dimensions in source file","Facebook Photos section, signed-in session","https://www.facebook.com/photo/?fbid=122116017537229345","Not displayed; collected 2026-08-12","Systematic raw Photos-section collection; business relevance retained pending review","Identity not yet reviewed","Unclassified","Unclassified","Not stated","Good; full-size Facebook source","Raw business archive; future classification and suitability review","Authenticity type: original business-page photo. Privacy/public-use review required if family or personal imagery is shown. Classified from signed-in Facebook Photos archive by visual review.","Distinct visible photo; not compared as a crop/near-duplicate.","6DD2EC4C1C0168B4B4F8233E58E018F00CD99F4582969210C2DF5B2F9C9F9690"
"FB-RAW-122114870955229345","FB-RAW-660444060_122114870955229345_4320563938721926786_n.jpg","04-residential-work/maintenance/FB-RAW-660444060_122114870955229345_4320563938721926786_n.jpg","04-residential-work / maintenance","JPEG","Full size; dimensions in source file","Facebook Photos section, signed-in session","https://www.facebook.com/photo/?fbid=122114870955229345","Not displayed; collected 2026-08-12","Systematic raw Photos-section collection; business relevance retained pending review","Identity not yet reviewed","Unclassified","Unclassified","Not stated","Good; full-size Facebook source","Raw business archive; future classification and suitability review","Authenticity type: original business-page photo. Privacy/public-use review required if family or personal imagery is shown. Classified from signed-in Facebook Photos archive by visual review.","Distinct visible photo; not compared as a crop/near-duplicate.","4C9621612482C75F21757880C40B35E466C05DA0EE6BE2DFD968EACA0F6D5034"
"FB-RAW-122116166535229345","FB-RAW-666802944_122116166535229345_4997367613914904891_n.jpg","06-equipment-closeups/FB-RAW-666802944_122116166535229345_4997367613914904891_n.jpg","06-equipment-closeups","JPEG","Full size; dimensions in source file","Facebook Photos section, signed-in session","https://www.facebook.com/photo/?fbid=122116166535229345","Not displayed; collected 2026-08-12","Systematic raw Photos-section collection; business relevance retained pending review","Identity not yet reviewed","Unclassified","Unclassified","Not stated","Good; full-size Facebook source","Raw business archive; future classification and suitability review","Authenticity type: original business-page photo. Privacy/public-use review required if family or personal imagery is shown. Classified from signed-in Facebook Photos archive by visual review.","Distinct visible photo; not compared as a crop/near-duplicate.","A6AAB1B00191E1F3189C75EDF99C2247C14ABB76A7ED004254550A30352F3235"
"FB-RAW-122107922655229345","FB-RAW-633446463_122107922655229345_2685031835060010457_n.jpg","02-team/family-business/FB-RAW-633446463_122107922655229345_2685031835060010457_n.jpg","personal/family business-page photo — privacy review","JPEG","x","Facebook Photos section, signed-in session","https://www.facebook.com/photo/?fbid=122107922655229345","Not displayed; collected 2026-08-12","Systematic raw Photos-section collection","Family/people shown; identities not confirmed","General","Family-owned business story / behind-the-scenes","Not stated","Good; full-size Facebook source","Later human review; do not treat as pre-approved final website selection.","Family/behind-the-scenes business-page imagery; identities not confirmed. Privacy review required.","Distinct visible photo; not compared as a crop/near-duplicate.","8567A0192BFA4D6CA9F07BF35EFFBF292305E2FBCC9EE0669FA1352E593A20E6"
"FB-RAW-122111418543229345","FB-RAW-645801675_122111418543229345_3009425674371354500_n.jpg","04-residential-work/maintenance/FB-RAW-645801675_122111418543229345_3009425674371354500_n.jpg","04-residential-work / maintenance","JPEG","x","Facebook Photos section, signed-in session","https://www.facebook.com/photo/?fbid=122111418543229345","Not displayed; collected 2026-08-12","Systematic raw Photos-section collection","Identity not yet reviewed","Unclassified","Unclassified","Not stated","Good; full-size Facebook source","Raw business archive; future classification and suitability review","Authenticity type: original business-page photo. Privacy/public-use review required if family or personal imagery is shown. Classified from signed-in Facebook Photos archive by visual review.","Distinct visible photo; not compared as a crop/near-duplicate.","72868B88AB71B168879C251A9E84321E5C6FF601D810FE718A3171A449C979DD"
"FB-RAW-122111418465229345","FB-RAW-645822388_122111418465229345_4663486465518982217_n.jpg","04-residential-work/maintenance/FB-RAW-645822388_122111418465229345_4663486465518982217_n.jpg","04-residential-work / maintenance","JPEG","x","Facebook Photos section, signed-in session","https://www.facebook.com/photo/?fbid=122111418465229345","Not displayed; collected 2026-08-12","Systematic raw Photos-section collection","Identity not yet reviewed","Unclassified","Unclassified","Not stated","Good; full-size Facebook source","Raw business archive; future classification and suitability review","Authenticity type: original business-page photo. Privacy/public-use review required if family or personal imagery is shown. Classified from signed-in Facebook Photos archive by visual review.","Distinct visible photo; not compared as a crop/near-duplicate.","67BC5EF453F1CCA02AAF6AB7041B10B73C2283DD2DD777C774D449B2D3C9CC35"
"FB-RAW-122111418525229345","FB-RAW-645844337_122111418525229345_5626006318208667714_n.jpg","04-residential-work/maintenance/FB-RAW-645844337_122111418525229345_5626006318208667714_n.jpg","04-residential-work / maintenance","JPEG","x","Facebook Photos section, signed-in session","https://www.facebook.com/photo/?fbid=122111418525229345","Not displayed; collected 2026-08-12","Systematic raw Photos-section collection","Identity not yet reviewed","Unclassified","Unclassified","Not stated","Good; full-size Facebook source","Raw business archive; future classification and suitability review","Authenticity type: original business-page photo. Privacy/public-use review required if family or personal imagery is shown. Classified from signed-in Facebook Photos archive by visual review.","Distinct visible photo; not compared as a crop/near-duplicate.","BCB7DF0BEF42C8BFA51B9937C8B50DE6CA6F4CB172443491A9681660072D47DA"
"FB-RAW-122111418501229345","FB-RAW-645857513_122111418501229345_5707177896834491323_n.jpg","02-team/technicians/FB-RAW-645857513_122111418501229345_5707177896834491323_n.jpg","technician at residential HVAC work","JPEG","x","Facebook Photos section, signed-in session","https://www.facebook.com/photo/?fbid=122111418501229345","Not displayed; collected 2026-08-12","Systematic raw Photos-section collection","Technician or team member; identity not confirmed","General","HVAC service or business-life context","Not stated","Good; full-size Facebook source","Later human review; do not treat as pre-approved final website selection.","Technician identity not confirmed; authentic job-site image.","Distinct visible photo; not compared as a crop/near-duplicate.","E9870A77A9C8E00566606A2709A82D2F090A6AA9DC5A8942302A5D1D703EF5F4"
"FB-RAW-122111418459229345","FB-RAW-645894766_122111418459229345_7199609231892378792_n.jpg","04-residential-work/maintenance/FB-RAW-645894766_122111418459229345_7199609231892378792_n.jpg","04-residential-work / maintenance","JPEG","x","Facebook Photos section, signed-in session","https://www.facebook.com/photo/?fbid=122111418459229345","Not displayed; collected 2026-08-12","Systematic raw Photos-section collection","Identity not yet reviewed","Unclassified","Unclassified","Not stated","Good; full-size Facebook source","Raw business archive; future classification and suitability review","Authenticity type: original business-page photo. Privacy/public-use review required if family or personal imagery is shown. Classified from signed-in Facebook Photos archive by visual review.","Distinct visible photo; not compared as a crop/near-duplicate.","4F2C34D3AC167169A28EF250D4A4E1419011E85237154300E4F27B8A773FB149"
"FB-RAW-122111418555229345","FB-RAW-645966060_122111418555229345_5280295709880050719_n.jpg","04-residential-work/maintenance/FB-RAW-645966060_122111418555229345_5280295709880050719_n.jpg","04-residential-work / maintenance","JPEG","x","Facebook Photos section, signed-in session","https://www.facebook.com/photo/?fbid=122111418555229345","Not displayed; collected 2026-08-12","Systematic raw Photos-section collection","Identity not yet reviewed","Unclassified","Unclassified","Not stated","Good; full-size Facebook source","Raw business archive; future classification and suitability review","Authenticity type: original business-page photo. Privacy/public-use review required if family or personal imagery is shown. Classified from signed-in Facebook Photos archive by visual review.","Distinct visible photo; not compared as a crop/near-duplicate.","DB96E09E689D2E2BF564EE7556BC480126C0416648C2045C2EADC616EDD6E15D"
"FB-RAW-122111514867229345","FB-RAW-645989029_122111514867229345_668269852079479211_n.jpg","04-residential-work/maintenance/FB-RAW-645989029_122111514867229345_668269852079479211_n.jpg","04-residential-work / maintenance","JPEG","x","Facebook Photos section, signed-in session","https://www.facebook.com/photo/?fbid=122111514867229345","Not displayed; collected 2026-08-12","Systematic raw Photos-section collection","Identity not yet reviewed","Unclassified","Unclassified","Not stated","Good; full-size Facebook source","Raw business archive; future classification and suitability review","Authenticity type: original business-page photo. Privacy/public-use review required if family or personal imagery is shown. Classified from signed-in Facebook Photos archive by visual review.","Distinct visible photo; not compared as a crop/near-duplicate.","8CEA5C35640B6CB10C577A40C38CFCC49EE694DC642E02A103A902975124A716"
"FB-RAW-122111514843229345","FB-RAW-646029585_122111514843229345_3636443880872943375_n.jpg","04-residential-work/maintenance/FB-RAW-646029585_122111514843229345_3636443880872943375_n.jpg","04-residential-work / maintenance","JPEG","x","Facebook Photos section, signed-in session","https://www.facebook.com/photo/?fbid=122111514843229345","Not displayed; collected 2026-08-12","Systematic raw Photos-section collection","Identity not yet reviewed","Unclassified","Unclassified","Not stated","Good; full-size Facebook source","Raw business archive; future classification and suitability review","Authenticity type: original business-page photo. Privacy/public-use review required if family or personal imagery is shown. Classified from signed-in Facebook Photos archive by visual review.","Distinct visible photo; not compared as a crop/near-duplicate.","C7CB4736D9DEB7DF3AF69002FF390ED2DB51C12C6007D1EDF23ECB4E8E0B53D2"
"FB-RAW-122111418489229345","FB-RAW-646213955_122111418489229345_2926036708225753759_n.jpg","04-residential-work/maintenance/FB-RAW-646213955_122111418489229345_2926036708225753759_n.jpg","04-residential-work / maintenance","JPEG","x","Facebook Photos section, signed-in session","https://www.facebook.com/photo/?fbid=122111418489229345","Not displayed; collected 2026-08-12","Systematic raw Photos-section collection","Identity not yet reviewed","Unclassified","Unclassified","Not stated","Good; full-size Facebook source","Raw business archive; future classification and suitability review","Authenticity type: original business-page photo. Privacy/public-use review required if family or personal imagery is shown. Classified from signed-in Facebook Photos archive by visual review.","Distinct visible photo; not compared as a crop/near-duplicate.","F49509FF50291A406084A52A4B6B3E3A40635DBF09CBEC96BF1C29207F22FF07"
"FB-RAW-122111999625229345","FB-RAW-648094777_122111999625229345_7310469310339666655_n.jpg","09-social-graphics/reference-shared-content/FB-RAW-648094777_122111999625229345_7310469310339666655_n.jpg","09-social-graphics / reference-shared-content","JPEG","x","Facebook Photos section, signed-in session","https://www.facebook.com/photo/?fbid=122111999625229345","Not displayed; collected 2026-08-12","Systematic raw Photos-section collection","Identity not yet reviewed","Unclassified","Unclassified","Not stated","Good; full-size Facebook source","Raw business archive; future classification and suitability review","Authenticity type: original business-page photo. Privacy/public-use review required if family or personal imagery is shown. Classified from signed-in Facebook Photos archive by visual review.","Distinct visible photo; not compared as a crop/near-duplicate.","A08AE43058C14342AA66B5FA92187B42E62E70901B5C1B38137AEBFCC5C6F2E6"
"FB-RAW-122113198521229345","FB-RAW-651694415_122113198521229345_1403700893025118552_n.jpg","02-team/technicians/FB-RAW-651694415_122113198521229345_1403700893025118552_n.jpg","02-team / technicians","JPEG","x","Facebook Photos section, signed-in session","https://www.facebook.com/photo/?fbid=122113198521229345","Not displayed; collected 2026-08-12","Systematic raw Photos-section collection","Identity not yet reviewed","Unclassified","Unclassified","Not stated","Good; full-size Facebook source","Raw business archive; future classification and suitability review","Authenticity type: original business-page photo. Privacy/public-use review required if family or personal imagery is shown. Classified from signed-in Facebook Photos archive by visual review.","Distinct visible photo; not compared as a crop/near-duplicate.","40A7CF58D1D85C7C38C956B551BBFC6A4802071218FCC3E59AEE536DF4F9FC92"
"FB-RAW-122106375615229345","FB-RAW-627084550_122106375615229345_5778365799678272284_n.jpg","04-residential-work/mini-splits-heat-pumps/FB-RAW-627084550_122106375615229345_5778365799678272284_n.jpg","04-residential-work / mini-splits-heat-pumps","JPEG","Not yet measured","Facebook Photos section, signed-in session","https://www.facebook.com/photo/?fbid=122106375615229345","Not displayed; collected 2026-08-12","Systematic raw Photos-section collection","Identity not yet reviewed","Unclassified","Unclassified","Not stated","Good; full-size Facebook source","Raw business archive; future classification and suitability review","Authenticity type: original business-page photo. Privacy/public-use review required if family or personal imagery is shown. Classified from signed-in Facebook Photos archive by visual review.","Distinct visible photo; not compared as a crop/near-duplicate.","9D080E537E000A214F9DF2EBC35EBC88FE48A169E63461804C80CBCBDCF16993"
"FB-RAW-122106375573229345","FB-RAW-627547906_122106375573229345_3754248109260997642_n.jpg","04-residential-work/maintenance/FB-RAW-627547906_122106375573229345_3754248109260997642_n.jpg","04-residential-work / maintenance","JPEG","Not yet measured","Facebook Photos section, signed-in session","https://www.facebook.com/photo/?fbid=122106375573229345","Not displayed; collected 2026-08-12","Systematic raw Photos-section collection","Identity not yet reviewed","Unclassified","Unclassified","Not stated","Good; full-size Facebook source","Raw business archive; future classification and suitability review","Authenticity type: original business-page photo. Privacy/public-use review required if family or personal imagery is shown. Classified from signed-in Facebook Photos archive by visual review.","Distinct visible photo; not compared as a crop/near-duplicate.","4093FAB4B86BC86F8878D173BD6AF51AF49E4A3529DB121E46D9F0ECCED4C076"
"FB-RAW-122106383559229345","FB-RAW-627833208_122106383559229345_2541820403018258239_n.jpg","02-team/family-business/FB-RAW-627833208_122106383559229345_2541820403018258239_n.jpg","personal/family business-page photo — privacy review","JPEG","Not yet measured","Facebook Photos section, signed-in session","https://www.facebook.com/photo/?fbid=122106383559229345","Not displayed; collected 2026-08-12","Systematic raw Photos-section collection","Family/people shown; identities not confirmed","General","Family-owned business story / behind-the-scenes","Not stated","Good; full-size Facebook source","Later human review; do not treat as pre-approved final website selection.","Family/child imagery; identities not confirmed. Privacy review required.","Distinct visible photo; not compared as a crop/near-duplicate.","4B43D64327BA871CB2B3F6917A6173007BD7498F2FC201541C17BB89E2AE9FD9"
"FB-RAW-122106383517229345","FB-RAW-627861565_122106383517229345_8017071829270416060_n.jpg","04-residential-work/maintenance/FB-RAW-627861565_122106383517229345_8017071829270416060_n.jpg","04-residential-work / maintenance","JPEG","Not yet measured","Facebook Photos section, signed-in session","https://www.facebook.com/photo/?fbid=122106383517229345","Not displayed; collected 2026-08-12","Systematic raw Photos-section collection","Identity not yet reviewed","Unclassified","Unclassified","Not stated","Good; full-size Facebook source","Raw business archive; future classification and suitability review","Authenticity type: original business-page photo. Privacy/public-use review required if family or personal imagery is shown. Classified from signed-in Facebook Photos archive by visual review.","Distinct visible photo; not compared as a crop/near-duplicate.","D6DDC3B32CE697701CF5D336096180A41B94F857AD822FCE629040F4662F9043"
"FB-RAW-122106383535229345","FB-RAW-629367514_122106383535229345_4121586145461485952_n.jpg","02-team/family-business/FB-RAW-629367514_122106383535229345_4121586145461485952_n.jpg","02-team / family-business","JPEG","Not yet measured","Facebook Photos section, signed-in session","https://www.facebook.com/photo/?fbid=122106383535229345","Not displayed; collected 2026-08-12","Systematic raw Photos-section collection","Identity not yet reviewed","Unclassified","Unclassified","Not stated","Good; full-size Facebook source","Raw business archive; future classification and suitability review","Authenticity type: original business-page photo. Privacy/public-use review required if family or personal imagery is shown. Classified from signed-in Facebook Photos archive by visual review.","Distinct visible photo; not compared as a crop/near-duplicate.","EBE1CB989FD7B5CC51ABDBC9A9F5E09689F23245B3ED25BB6EB414F1A86124D4"
"FB-RAW-122107720707229345","FB-RAW-630331820_122107720707229345_7375898873803129655_n.jpg","02-team/family-business/FB-RAW-630331820_122107720707229345_7375898873803129655_n.jpg","02-team / family-business","JPEG","Not yet measured","Facebook Photos section, signed-in session","https://www.facebook.com/photo/?fbid=122107720707229345","Not displayed; collected 2026-08-12","Systematic raw Photos-section collection","Identity not yet reviewed","Unclassified","Unclassified","Not stated","Good; full-size Facebook source","Raw business archive; future classification and suitability review","Authenticity type: original business-page photo. Privacy/public-use review required if family or personal imagery is shown. Classified from signed-in Facebook Photos archive by visual review.","Distinct visible photo; not compared as a crop/near-duplicate.","EE4EFDDAAE24EA244057FEC38104412DD5DCD7979B185EAA29F6139129E8C9C0"
"FB-RAW-122107512243229345","FB-RAW-630889048_122107512243229345_1610187866038589118_n.jpg","06-equipment-closeups/FB-RAW-630889048_122107512243229345_1610187866038589118_n.jpg","06-equipment-closeups","JPEG","Not yet measured","Facebook Photos section, signed-in session","https://www.facebook.com/photo/?fbid=122107512243229345","Not displayed; collected 2026-08-12","Systematic raw Photos-section collection","Identity not yet reviewed","Unclassified","Unclassified","Not stated","Good; full-size Facebook source","Raw business archive; future classification and suitability review","Authenticity type: original business-page photo. Privacy/public-use review required if family or personal imagery is shown. Classified from signed-in Facebook Photos archive by visual review.","Distinct visible photo; not compared as a crop/near-duplicate.","5A359B396B8F361479560F1E3368B7C57116BD7F7A35724544729460F5ED4B77"
"FB-RAW-122107507413229345","FB-RAW-631106535_122107507413229345_6479911699214104576_n.jpg","04-residential-work/maintenance/FB-RAW-631106535_122107507413229345_6479911699214104576_n.jpg","04-residential-work / maintenance","JPEG","Not yet measured","Facebook Photos section, signed-in session","https://www.facebook.com/photo/?fbid=122107507413229345","Not displayed; collected 2026-08-12","Systematic raw Photos-section collection","Identity not yet reviewed","Unclassified","Unclassified","Not stated","Good; full-size Facebook source","Raw business archive; future classification and suitability review","Authenticity type: original business-page photo. Privacy/public-use review required if family or personal imagery is shown. Classified from signed-in Facebook Photos archive by visual review.","Distinct visible photo; not compared as a crop/near-duplicate.","41EAD7F7524CFF50D349C5C656619CADCC927F463C461B571543935AB592E7FD"
"FB-RAW-122107507383229345","FB-RAW-631178080_122107507383229345_5144515855295778323_n.jpg","04-residential-work/installations/FB-RAW-631178080_122107507383229345_5144515855295778323_n.jpg","04-residential-work / installations","JPEG","Not yet measured","Facebook Photos section, signed-in session","https://www.facebook.com/photo/?fbid=122107507383229345","Not displayed; collected 2026-08-12","Systematic raw Photos-section collection","Identity not yet reviewed","Unclassified","Unclassified","Not stated","Good; full-size Facebook source","Raw business archive; future classification and suitability review","Authenticity type: original business-page photo. Privacy/public-use review required if family or personal imagery is shown. Classified from signed-in Facebook Photos archive by visual review.","Distinct visible photo; not compared as a crop/near-duplicate.","0B34EC7333A906BEC87E1F4F5ACDA0CF6ADE9EEACDAEDF7F8B59EBF35EC8C0C8"
"FB-RAW-122107507389229345","FB-RAW-631755538_122107507389229345_7206568304300854159_n.jpg","04-residential-work/maintenance/FB-RAW-631755538_122107507389229345_7206568304300854159_n.jpg","04-residential-work / maintenance","JPEG","Not yet measured","Facebook Photos section, signed-in session","https://www.facebook.com/photo/?fbid=122107507389229345","Not displayed; collected 2026-08-12","Systematic raw Photos-section collection","Identity not yet reviewed","Unclassified","Unclassified","Not stated","Good; full-size Facebook source","Raw business archive; future classification and suitability review","Authenticity type: original business-page photo. Privacy/public-use review required if family or personal imagery is shown. Classified from signed-in Facebook Photos archive by visual review.","Distinct visible photo; not compared as a crop/near-duplicate.","652B8EAC630F72D2DD0BA233AE8F288411EF384A40DFC69A73387739E51B99C9"
"FB-RAW-122107922643229345","FB-RAW-632757852_122107922643229345_2921439555987035867_n.jpg","03-vehicles/FB-RAW-632757852_122107922643229345_2921439555987035867_n.jpg","03-vehicles","JPEG","Not yet measured","Facebook Photos section, signed-in session","https://www.facebook.com/photo/?fbid=122107922643229345","Not displayed; collected 2026-08-12","Systematic raw Photos-section collection","Identity not yet reviewed","Unclassified","Unclassified","Not stated","Good; full-size Facebook source","Raw business archive; future classification and suitability review","Authenticity type: original business-page photo. Privacy/public-use review required if family or personal imagery is shown. Classified from signed-in Facebook Photos archive by visual review.","Distinct visible photo; not compared as a crop/near-duplicate.","B24350A9BB359CB190A34B60041A7B3832F7B79DBCEDFA23A3B358111F9313BE"
"FB-RAW-122107720719229345","FB-RAW-633685875_122107720719229345_3986063324554490546_n.jpg","02-team/family-business/FB-RAW-633685875_122107720719229345_3986063324554490546_n.jpg","02-team / family-business","JPEG","Not yet measured","Facebook Photos section, signed-in session","https://www.facebook.com/photo/?fbid=122107720719229345","Not displayed; collected 2026-08-12","Systematic raw Photos-section collection","Identity not yet reviewed","Unclassified","Unclassified","Not stated","Good; full-size Facebook source","Raw business archive; future classification and suitability review","Authenticity type: original business-page photo. Privacy/public-use review required if family or personal imagery is shown. Classified from signed-in Facebook Photos archive by visual review.","Distinct visible photo; not compared as a crop/near-duplicate.","97B0CA14888497D81BA54F41BB5FE86CCF2A0E77A58AF049C5ABC1DA930FA50E"
"FB-RAW-122107920477229345","FB-RAW-633887679_122107920477229345_3102682490268400339_n.jpg","02-team/family-business/FB-RAW-633887679_122107920477229345_3102682490268400339_n.jpg","02-team / family-business","JPEG","Not yet measured","Facebook Photos section, signed-in session","https://www.facebook.com/photo/?fbid=122107920477229345","Not displayed; collected 2026-08-12","Systematic raw Photos-section collection","Identity not yet reviewed","Unclassified","Unclassified","Not stated","Good; full-size Facebook source","Raw business archive; future classification and suitability review","Authenticity type: original business-page photo. Privacy/public-use review required if family or personal imagery is shown. Classified from signed-in Facebook Photos archive by visual review.","Distinct visible photo; not compared as a crop/near-duplicate.","33E64A078B69232150D25F1594CFC544479C36F2DEC6596840E0DA31CC3AACD8"
"FB-RAW-122107922613229345","FB-RAW-634138068_122107922613229345_1125104060677635659_n.jpg","02-team/family-business/FB-RAW-634138068_122107922613229345_1125104060677635659_n.jpg","02-team / family-business","JPEG","Not yet measured","Facebook Photos section, signed-in session","https://www.facebook.com/photo/?fbid=122107922613229345","Not displayed; collected 2026-08-12","Systematic raw Photos-section collection","Identity not yet reviewed","Unclassified","Unclassified","Not stated","Good; full-size Facebook source","Raw business archive; future classification and suitability review","Authenticity type: original business-page photo. Privacy/public-use review required if family or personal imagery is shown. Classified from signed-in Facebook Photos archive by visual review.","Distinct visible photo; not compared as a crop/near-duplicate.","7B3E4DF93A0CF89E0CA909065B364F29EE9FE4D98B23F3CA2FBBAB4A7C6529A1"
"FB-RAW-122107922631229345","FB-RAW-634659296_122107922631229345_2680491998325939017_n.jpg","02-team/family-business/FB-RAW-634659296_122107922631229345_2680491998325939017_n.jpg","personal/family business-page photo — privacy review","JPEG","Not yet measured","Facebook Photos section, signed-in session","https://www.facebook.com/photo/?fbid=122107922631229345","Not displayed; collected 2026-08-12","Systematic raw Photos-section collection","Family/people shown; identities not confirmed","General","Family-owned business story / behind-the-scenes","Not stated","Good; full-size Facebook source","Later human review; do not treat as pre-approved final website selection.","Family group business-page imagery; identities not confirmed. Privacy review required.","Distinct visible photo; not compared as a crop/near-duplicate.","F84F865EA38F5FAE9D9586FDD876A701F1CF546B1269B7520D17AF21B7F9F468"
"FB-RAW-122100687861229345","FB-RAW-619989416_122100687861229345_2531062762455031740_n.jpg","06-equipment-closeups/FB-RAW-619989416_122100687861229345_2531062762455031740_n.jpg","06-equipment-closeups","JPEG","Not yet measured","Facebook Photos section, signed-in session","https://www.facebook.com/photo/?fbid=122100687861229345","Not displayed; collected 2026-08-12","Systematic raw Photos-section collection","Identity not yet reviewed","Unclassified","Unclassified","Not stated","Good; full-size Facebook source","Raw business archive; future classification and suitability review","Authenticity type: original business-page photo. Privacy/public-use review required if family or personal imagery is shown. Classified from signed-in Facebook Photos archive by visual review.","Distinct visible photo; exact known logo duplicate excluded.","D1499CFAB7DA39C8717686D9C617C2D2E873224CD49A1C1EE61A8852BC208D8E"
"FB-RAW-122100692217229345","FB-RAW-621452506_122100692217229345_2888497492871371896_n.jpg","09-social-graphics/reference-shared-content/FB-RAW-621452506_122100692217229345_2888497492871371896_n.jpg","09-social-graphics / reference-shared-content","JPEG","Not yet measured","Facebook Photos section, signed-in session","https://www.facebook.com/photo/?fbid=122100692217229345","Not displayed; collected 2026-08-12","Systematic raw Photos-section collection","Identity not yet reviewed","Unclassified","Unclassified","Not stated","Good; full-size Facebook source","Raw business archive; future classification and suitability review","Authenticity type: original business-page photo. Privacy/public-use review required if family or personal imagery is shown. Classified from signed-in Facebook Photos archive by visual review.","Distinct visible photo; exact known logo duplicate excluded.","497D4EA29DBB56792F7A663C0D361141025852F6C710889BA738335D2C93C1C2"
"FB-RAW-122100693711229345","FB-RAW-621542988_122100693711229345_2649760714707393984_n.jpg","09-social-graphics/reference-shared-content/FB-RAW-621542988_122100693711229345_2649760714707393984_n.jpg","09-social-graphics / reference-shared-content","JPEG","Not yet measured","Facebook Photos section, signed-in session","https://www.facebook.com/photo/?fbid=122100693711229345","Not displayed; collected 2026-08-12","Systematic raw Photos-section collection","Identity not yet reviewed","Unclassified","Unclassified","Not stated","Good; full-size Facebook source","Raw business archive; future classification and suitability review","Authenticity type: original business-page photo. Privacy/public-use review required if family or personal imagery is shown. Classified from signed-in Facebook Photos archive by visual review.","Distinct visible photo; exact known logo duplicate excluded.","FD0D1DAC16BF05AF3AAC9E8C502D1E26B465C09C447751F7800F0AA7D1E522E3"
"FB-RAW-122100693411229345","FB-RAW-621647775_122100693411229345_533389812226883570_n.jpg","09-social-graphics/reference-shared-content/FB-RAW-621647775_122100693411229345_533389812226883570_n.jpg","09-social-graphics / reference-shared-content","JPEG","Not yet measured","Facebook Photos section, signed-in session","https://www.facebook.com/photo/?fbid=122100693411229345","Not displayed; collected 2026-08-12","Systematic raw Photos-section collection","Identity not yet reviewed","Unclassified","Unclassified","Not stated","Good; full-size Facebook source","Raw business archive; future classification and suitability review","Authenticity type: original business-page photo. Privacy/public-use review required if family or personal imagery is shown. Classified from signed-in Facebook Photos archive by visual review.","Distinct visible photo; exact known logo duplicate excluded.","B2A30B014F0E4F18CED233F171CF14B0AFB700F9A3769C58326098FB9724363C"
"FB-RAW-122100687819229345","FB-RAW-621731757_122100687819229345_1955505873463132387_n.jpg","04-residential-work/installations/FB-RAW-621731757_122100687819229345_1955505873463132387_n.jpg","04-residential-work / installations","JPEG","Not yet measured","Facebook Photos section, signed-in session","https://www.facebook.com/photo/?fbid=122100687819229345","Not displayed; collected 2026-08-12","Systematic raw Photos-section collection","Identity not yet reviewed","Unclassified","Unclassified","Not stated","Good; full-size Facebook source","Raw business archive; future classification and suitability review","Authenticity type: original business-page photo. Privacy/public-use review required if family or personal imagery is shown. Classified from signed-in Facebook Photos archive by visual review.","Distinct visible photo; exact known logo duplicate excluded.","A6BC35ED30CE6FDD6642B0A4ACEA19B29806AA247684F1ED5E2A71B7A293568E"
"FB-RAW-122101412973229345","FB-RAW-621801475_122101412973229345_2415455002573298987_n.jpg","01-brand/branded-graphics/FB-RAW-621801475_122101412973229345_2415455002573298987_n.jpg","01-brand / branded-graphics","JPEG","Not yet measured","Facebook Photos section, signed-in session","https://www.facebook.com/photo/?fbid=122101412973229345","Not displayed; collected 2026-08-12","Systematic raw Photos-section collection","Identity not yet reviewed","Unclassified","Unclassified","Not stated","Good; full-size Facebook source","Raw business archive; future classification and suitability review","Authenticity type: original business-page photo. Privacy/public-use review required if family or personal imagery is shown. Classified from signed-in Facebook Photos archive by visual review.","Distinct visible photo; exact known logo duplicate excluded.","3557067618ACA275F7AADC5CC760A6D3ED929BF8E5752F9E2184C73E6AB8EBD1"
"FB-RAW-122101412901229345","FB-RAW-621802264_122101412901229345_6042353181648541325_n.jpg","01-brand/branded-graphics/FB-RAW-621802264_122101412901229345_6042353181648541325_n.jpg","01-brand / branded-graphics","JPEG","Not yet measured","Facebook Photos section, signed-in session","https://www.facebook.com/photo/?fbid=122101412901229345","Not displayed; collected 2026-08-12","Systematic raw Photos-section collection","Identity not yet reviewed","Unclassified","Unclassified","Not stated","Good; full-size Facebook source","Raw business archive; future classification and suitability review","Authenticity type: original business-page photo. Privacy/public-use review required if family or personal imagery is shown. Classified from signed-in Facebook Photos archive by visual review.","Distinct visible photo; exact known logo duplicate excluded.","4D69C29EFD8A629CF7EB8018B15FDFE37853222DF08612FB047BE636AF5B9B4B"
"FB-RAW-122101412895229345","FB-RAW-621819097_122101412895229345_3392168013365939632_n.jpg","01-brand/branded-graphics/FB-RAW-621819097_122101412895229345_3392168013365939632_n.jpg","01-brand / branded-graphics","JPEG","Not yet measured","Facebook Photos section, signed-in session","https://www.facebook.com/photo/?fbid=122101412895229345","Not displayed; collected 2026-08-12","Systematic raw Photos-section collection","Identity not yet reviewed","Unclassified","Unclassified","Not stated","Good; full-size Facebook source","Raw business archive; future classification and suitability review","Authenticity type: original business-page photo. Privacy/public-use review required if family or personal imagery is shown. Classified from signed-in Facebook Photos archive by visual review.","Distinct visible photo; exact known logo duplicate excluded.","555252BA768ED48A62008D28821E5E2CB38EA348296192742E22792F6385B48F"
"FB-RAW-122102106723229345","FB-RAW-621846143_122102106723229345_1441293487714240416_n.jpg","09-social-graphics/reference-shared-content/FB-RAW-621846143_122102106723229345_1441293487714240416_n.jpg","09-social-graphics / reference-shared-content","JPEG","Not yet measured","Facebook Photos section, signed-in session","https://www.facebook.com/photo/?fbid=122102106723229345","Not displayed; collected 2026-08-12","Systematic raw Photos-section collection","Identity not yet reviewed","Unclassified","Unclassified","Not stated","Good; full-size Facebook source","Raw business archive; future classification and suitability review","Authenticity type: original business-page photo. Privacy/public-use review required if family or personal imagery is shown. Classified from signed-in Facebook Photos archive by visual review.","Distinct visible photo; exact known logo duplicate excluded.","14C23DFCE34343A6A77C44E58D7B702E0C06FB369688E3EF0EE68C58CF0ADB12"
"FB-RAW-122100695757229345","FB-RAW-621889696_122100695757229345_7872458200007321783_n.jpg","06-equipment-closeups/FB-RAW-621889696_122100695757229345_7872458200007321783_n.jpg","06-equipment-closeups","JPEG","Not yet measured","Facebook Photos section, signed-in session","https://www.facebook.com/photo/?fbid=122100695757229345","Not displayed; collected 2026-08-12","Systematic raw Photos-section collection","Identity not yet reviewed","Unclassified","Unclassified","Not stated","Good; full-size Facebook source","Raw business archive; future classification and suitability review","Authenticity type: original business-page photo. Privacy/public-use review required if family or personal imagery is shown. Classified from signed-in Facebook Photos archive by visual review.","Distinct visible photo; exact known logo duplicate excluded.","3968A2889F23A79398C10F9AAEDEAF36D9313E9E8849E5431ADA030DA7651014"
"FB-RAW-122100692373229345","FB-RAW-622065093_122100692373229345_6031351951559191519_n.jpg","09-social-graphics/reference-shared-content/FB-RAW-622065093_122100692373229345_6031351951559191519_n.jpg","09-social-graphics / reference-shared-content","JPEG","Not yet measured","Facebook Photos section, signed-in session","https://www.facebook.com/photo/?fbid=122100692373229345","Not displayed; collected 2026-08-12","Systematic raw Photos-section collection","Identity not yet reviewed","Unclassified","Unclassified","Not stated","Good; full-size Facebook source","Raw business archive; future classification and suitability review","Authenticity type: original business-page photo. Privacy/public-use review required if family or personal imagery is shown. Classified from signed-in Facebook Photos archive by visual review.","Distinct visible photo; exact known logo duplicate excluded.","F29EE1399905A765540A5ED77A77F9882F48A74CAEA131938C3B797866B8CA71"
"FB-RAW-122101159395229345","FB-RAW-622108358_122101159395229345_4560015956347184602_n.jpg","09-social-graphics/reference-shared-content/FB-RAW-622108358_122101159395229345_4560015956347184602_n.jpg","09-social-graphics / reference-shared-content","JPEG","Not yet measured","Facebook Photos section, signed-in session","https://www.facebook.com/photo/?fbid=122101159395229345","Not displayed; collected 2026-08-12","Systematic raw Photos-section collection","Identity not yet reviewed","Unclassified","Unclassified","Not stated","Good; full-size Facebook source","Raw business archive; future classification and suitability review","Authenticity type: original business-page photo. Privacy/public-use review required if family or personal imagery is shown. Classified from signed-in Facebook Photos archive by visual review.","Distinct visible photo; exact known logo duplicate excluded.","4F907CB1C14B98600CDDCD2457EB071F7DF8FBD1035410226570BF0CA5531DD3"
"FB-RAW-122101412961229345","FB-RAW-622394532_122101412961229345_3142685762680777651_n.jpg","01-brand/branded-graphics/FB-RAW-622394532_122101412961229345_3142685762680777651_n.jpg","01-brand / branded-graphics","JPEG","Not yet measured","Facebook Photos section, signed-in session","https://www.facebook.com/photo/?fbid=122101412961229345","Not displayed; collected 2026-08-12","Systematic raw Photos-section collection","Identity not yet reviewed","Unclassified","Unclassified","Not stated","Good; full-size Facebook source","Raw business archive; future classification and suitability review","Authenticity type: original business-page photo. Privacy/public-use review required if family or personal imagery is shown. Classified from signed-in Facebook Photos archive by visual review.","Distinct visible photo; exact known logo duplicate excluded.","D90AF219B79DF4AC6C806148CC0F43C9BF3E40B3CB9B084480E00D440C9A036B"
"FB-RAW-122104543137229345","FB-RAW-622583645_122104543137229345_3685310072144888696_n.jpg","10-review-related/archive-reference/FB-RAW-622583645_122104543137229345_3685310072144888696_n.jpg","10-review-related / archive-reference","JPEG","Not yet measured","Facebook Photos section, signed-in session","https://www.facebook.com/photo/?fbid=122104543137229345","Not displayed; collected 2026-08-12","Systematic raw Photos-section collection","Identity not yet reviewed","Unclassified","Unclassified","Not stated","Good; full-size Facebook source","Raw business archive; future classification and suitability review","Authenticity type: original business-page photo. Privacy/public-use review required if family or personal imagery is shown. Classified from signed-in Facebook Photos archive by visual review.","Distinct visible photo; exact known logo duplicate excluded.","89B39A9430C5499843E5A7DFEAFB5ABFE9687889EC26A1E07F28A0756494558C"
"FB-RAW-122102308005229345","FB-RAW-622788164_122102308005229345_1466182672434785105_n.jpg","04-residential-work/installations/FB-RAW-622788164_122102308005229345_1466182672434785105_n.jpg","04-residential-work / installations","JPEG","Not yet measured","Facebook Photos section, signed-in session","https://www.facebook.com/photo/?fbid=122102308005229345","Not displayed; collected 2026-08-12","Systematic raw Photos-section collection","Identity not yet reviewed","Unclassified","Unclassified","Not stated","Good; full-size Facebook source","Raw business archive; future classification and suitability review","Authenticity type: original business-page photo. Privacy/public-use review required if family or personal imagery is shown. Classified from signed-in Facebook Photos archive by visual review.","Distinct visible photo; exact known logo duplicate excluded.","1A44D461270D4821EC6C77DD60FF41CD3780C0D4FF5EE6CD93686AB5C0EF5B54"
"FB-RAW-122104570059229345","FB-RAW-624815864_122104570059229345_3483964191088678430_n.jpg","09-social-graphics/reference-shared-content/FB-RAW-624815864_122104570059229345_3483964191088678430_n.jpg","09-social-graphics / reference-shared-content","JPEG","Not yet measured","Facebook Photos section, signed-in session","https://www.facebook.com/photo/?fbid=122104570059229345","Not displayed; collected 2026-08-12","Systematic raw Photos-section collection","Identity not yet reviewed","Unclassified","Unclassified","Not stated","Good; full-size Facebook source","Raw business archive; future classification and suitability review","Authenticity type: original business-page photo. Privacy/public-use review required if family or personal imagery is shown. Classified from signed-in Facebook Photos archive by visual review.","Distinct visible photo; exact known logo duplicate excluded.","B08933483A192570E627CDB127B3961FA8869ABE08479564E4366FECB018BB23"
"FB-RAW-122105562771229345","FB-RAW-625033077_122105562771229345_8975148899723012361_n.jpg","01-brand/branded-graphics/FB-RAW-625033077_122105562771229345_8975148899723012361_n.jpg","01-brand / branded-graphics","JPEG","Not yet measured","Facebook Photos section, signed-in session","https://www.facebook.com/photo/?fbid=122105562771229345","Not displayed; collected 2026-08-12","Systematic raw Photos-section collection","Identity not yet reviewed","Unclassified","Unclassified","Not stated","Good; full-size Facebook source","Raw business archive; future classification and suitability review","Authenticity type: original business-page photo. Privacy/public-use review required if family or personal imagery is shown. Classified from signed-in Facebook Photos archive by visual review.","Distinct visible photo; exact known logo duplicate excluded.","7A8887A718D50A5CE0F4B890C4069C323A9D65FD81BB9A45F331AC715BA35EDB"
"FB-RAW-122105296467229345","FB-RAW-625082904_122105296467229345_6219418090091786113_n.jpg","02-team/family-business/FB-RAW-625082904_122105296467229345_6219418090091786113_n.jpg","personal/family business-page photo — privacy review","JPEG","Not yet measured","Facebook Photos section, signed-in session","https://www.facebook.com/photo/?fbid=122105296467229345","Not displayed; collected 2026-08-12","Systematic raw Photos-section collection","Family/people shown; identities not confirmed","General","Family-owned business story / behind-the-scenes","Not stated","Good; full-size Facebook source","Later human review; do not treat as pre-approved final website selection.","Person shown; identity not confirmed. Personal/family-business context; not pre-approved for public use.","Distinct visible photo; exact known logo duplicate excluded.","338221B590ACDE8695B58C0B36EC0D1A880F1C4266B4D6A057555150D515A3DA"
"FB-RAW-122106157263229345","FB-RAW-625534257_122106157263229345_3065763552414393262_n.jpg","04-residential-work/installations/FB-RAW-625534257_122106157263229345_3065763552414393262_n.jpg","04-residential-work / installations","JPEG","Not yet measured","Facebook Photos section, signed-in session","https://www.facebook.com/photo/?fbid=122106157263229345","Not displayed; collected 2026-08-12","Systematic raw Photos-section collection","Identity not yet reviewed","Unclassified","Unclassified","Not stated","Good; full-size Facebook source","Raw business archive; future classification and suitability review","Authenticity type: original business-page photo. Privacy/public-use review required if family or personal imagery is shown. Classified from signed-in Facebook Photos archive by visual review.","Distinct visible photo; exact known logo duplicate excluded.","1C18325F34E14740EA277DA505BA78391A45E031EF8ADD86D58CF4278659F275"
"FB-RAW-122105561907229345","FB-RAW-626450849_122105561907229345_8045865732793628949_n.jpg","04-residential-work/maintenance/FB-RAW-626450849_122105561907229345_8045865732793628949_n.jpg","04-residential-work / maintenance","JPEG","Not yet measured","Facebook Photos section, signed-in session","https://www.facebook.com/photo/?fbid=122105561907229345","Not displayed; collected 2026-08-12","Systematic raw Photos-section collection","Identity not yet reviewed","Unclassified","Unclassified","Not stated","Good; full-size Facebook source","Raw business archive; future classification and suitability review","Authenticity type: original business-page photo. Privacy/public-use review required if family or personal imagery is shown. Classified from signed-in Facebook Photos archive by visual review.","Distinct visible photo; exact known logo duplicate excluded.","3F91BED7AF55C48852FC515E38EAF47FF83B8526DBF839CF221F67E3198C21A7"
"FB-RAW-122105561919229345","FB-RAW-626790196_122105561919229345_4529456082730654778_n.jpg","05-commercial-work/maintenance/FB-RAW-626790196_122105561919229345_4529456082730654778_n.jpg","05-commercial-work / maintenance","JPEG","Not yet measured","Facebook Photos section, signed-in session","https://www.facebook.com/photo/?fbid=122105561919229345","Not displayed; collected 2026-08-12","Systematic raw Photos-section collection","Identity not yet reviewed","Unclassified","Unclassified","Not stated","Good; full-size Facebook source","Raw business archive; future classification and suitability review","Authenticity type: original business-page photo. Privacy/public-use review required if family or personal imagery is shown. Classified from signed-in Facebook Photos archive by visual review.","Distinct visible photo; exact known logo duplicate excluded.","497AF42BE15182ECAA5354F0D849820508FF58409A767DAFA0D4E07636A0F65D"
"FB-RAW-122105561937229345","FB-RAW-626807612_122105561937229345_8091688386155664839_n.jpg","05-commercial-work/maintenance/FB-RAW-626807612_122105561937229345_8091688386155664839_n.jpg","05-commercial-work / maintenance","JPEG","Not yet measured","Facebook Photos section, signed-in session","https://www.facebook.com/photo/?fbid=122105561937229345","Not displayed; collected 2026-08-12","Systematic raw Photos-section collection","Identity not yet reviewed","Unclassified","Unclassified","Not stated","Good; full-size Facebook source","Raw business archive; future classification and suitability review","Authenticity type: original business-page photo. Privacy/public-use review required if family or personal imagery is shown. Classified from signed-in Facebook Photos archive by visual review.","Distinct visible photo; exact known logo duplicate excluded.","95B8383D82E4F3825048F383E9452835F952BE01915B9725B407B6BC7096EC15"
"FB-RAW-122105855187229345","FB-RAW-626891275_122105855187229345_1868601523890030368_n.jpg","05-commercial-work/rooftop-units/FB-RAW-626891275_122105855187229345_1868601523890030368_n.jpg","05-commercial-work / rooftop-units","JPEG","Not yet measured","Facebook Photos section, signed-in session","https://www.facebook.com/photo/?fbid=122105855187229345","Not displayed; collected 2026-08-12","Systematic raw Photos-section collection","Identity not yet reviewed","Unclassified","Unclassified","Not stated","Good; full-size Facebook source","Raw business archive; future classification and suitability review","Authenticity type: original business-page photo. Privacy/public-use review required if family or personal imagery is shown. Classified from signed-in Facebook Photos archive by visual review.","Distinct visible photo; exact known logo duplicate excluded.","58955352E1D30064B79C2040036D6CA5706F8FC7520DA8630B287625E7B4F1F6"
"FB-RAW-122105855175229345","FB-RAW-627016285_122105855175229345_2554315129121679403_n.jpg","04-residential-work/maintenance/FB-RAW-627016285_122105855175229345_2554315129121679403_n.jpg","04-residential-work / maintenance","JPEG","Not yet measured","Facebook Photos section, signed-in session","https://www.facebook.com/photo/?fbid=122105855175229345","Not displayed; collected 2026-08-12","Systematic raw Photos-section collection","Identity not yet reviewed","Unclassified","Unclassified","Not stated","Good; full-size Facebook source","Raw business archive; future classification and suitability review","Authenticity type: original business-page photo. Privacy/public-use review required if family or personal imagery is shown. Classified from signed-in Facebook Photos archive by visual review.","Distinct visible photo; exact known logo duplicate excluded.","AD5690443A915C979AB3E3A26246C3CA38778C1F37338A94174EBAD719E332DA"
"FB-RAW-122105829843229345","FB-RAW-627052307_122105829843229345_8399505052607657182_n.jpg","01-brand/branded-graphics/FB-RAW-627052307_122105829843229345_8399505052607657182_n.jpg","01-brand / branded-graphics","JPEG","Not yet measured","Facebook Photos section, signed-in session","https://www.facebook.com/photo/?fbid=122105829843229345","Not displayed; collected 2026-08-12","Systematic raw Photos-section collection","Identity not yet reviewed","Unclassified","Unclassified","Not stated","Good; full-size Facebook source","Raw business archive; future classification and suitability review","Authenticity type: original business-page photo. Privacy/public-use review required if family or personal imagery is shown. Classified from signed-in Facebook Photos archive by visual review.","Distinct visible photo; exact known logo duplicate excluded.","D1EA0F052FA5F7DB93A58D704748B19A97705AA7631CB3CB197FEA1A17B5232C"
"FB-RAW-122105855163229345","FB-RAW-627084717_122105855163229345_7083201617410370294_n.jpg","01-brand/branded-graphics/FB-RAW-627084717_122105855163229345_7083201617410370294_n.jpg","01-brand / branded-graphics","JPEG","Not yet measured","Facebook Photos section, signed-in session","https://www.facebook.com/photo/?fbid=122105855163229345","Not displayed; collected 2026-08-12","Systematic raw Photos-section collection","Identity not yet reviewed","Unclassified","Unclassified","Not stated","Good; full-size Facebook source","Raw business archive; future classification and suitability review","Authenticity type: original business-page photo. Privacy/public-use review required if family or personal imagery is shown. Classified from signed-in Facebook Photos archive by visual review.","Distinct visible photo; exact known logo duplicate excluded.","7AADC6EDFEA3A7ADEAB16DC21E3B1D7A069E6274B8B49EEEA312CF204BEA1E8E"
"FB-RAW-122106378531229345","FB-RAW-627188386_122106378531229345_772272561763164231_n.jpg","04-residential-work/installations/FB-RAW-627188386_122106378531229345_772272561763164231_n.jpg","04-residential-work / installations","JPEG","Not yet measured","Facebook Photos section, signed-in session","https://www.facebook.com/photo/?fbid=122106378531229345","Not displayed; collected 2026-08-12","Systematic raw Photos-section collection","Identity not yet reviewed","Unclassified","Unclassified","Not stated","Good; full-size Facebook source","Raw business archive; future classification and suitability review","Authenticity type: original business-page photo. Privacy/public-use review required if family or personal imagery is shown. Classified from signed-in Facebook Photos archive by visual review.","Distinct visible photo; exact known logo duplicate excluded.","C3C860406AA787E5A2CD56F2767965907A128099A5E74C3986BC22AFF7DFCE2C"
"FB-RAW-122106375543229345","FB-RAW-627541410_122106375543229345_7859101250177623154_n.jpg","04-residential-work/installations/FB-RAW-627541410_122106375543229345_7859101250177623154_n.jpg","04-residential-work / installations","JPEG","Not yet measured","Facebook Photos section, signed-in session","https://www.facebook.com/photo/?fbid=122106375543229345","Not displayed; collected 2026-08-12","Systematic raw Photos-section collection","Identity not yet reviewed","Unclassified","Unclassified","Not stated","Good; full-size Facebook source","Raw business archive; future classification and suitability review","Authenticity type: original business-page photo. Privacy/public-use review required if family or personal imagery is shown. Classified from signed-in Facebook Photos archive by visual review.","Distinct visible photo; exact known logo duplicate excluded.","E23A190FD905EE6222CCDEABE3243637BE600762D1873FA073EB89D8991C5EDF"
"FB-RAW-122105829855229345","FB-RAW-627857695_122105829855229345_792144247698046985_n.jpg","04-residential-work/installations/FB-RAW-627857695_122105829855229345_792144247698046985_n.jpg","04-residential-work / installations","JPEG","Not yet measured","Facebook Photos section, signed-in session","https://www.facebook.com/photo/?fbid=122105829855229345","Not displayed; collected 2026-08-12","Systematic raw Photos-section collection","Identity not yet reviewed","Unclassified","Unclassified","Not stated","Good; full-size Facebook source","Raw business archive; future classification and suitability review","Authenticity type: original business-page photo. Privacy/public-use review required if family or personal imagery is shown. Classified from signed-in Facebook Photos archive by visual review.","Distinct visible photo; exact known logo duplicate excluded.","9E42EC66BD020D93574E84E161BB4884E11D5F2B17F192D634058C9A913F6DAE"
"FB-RAW-122106378519229345","FB-RAW-628032052_122106378519229345_8900295778190038135_n.jpg","04-residential-work/installations/FB-RAW-628032052_122106378519229345_8900295778190038135_n.jpg","04-residential-work / installations","JPEG","Not yet measured","Facebook Photos section, signed-in session","https://www.facebook.com/photo/?fbid=122106378519229345","Not displayed; collected 2026-08-12","Systematic raw Photos-section collection","Identity not yet reviewed","Unclassified","Unclassified","Not stated","Good; full-size Facebook source","Raw business archive; future classification and suitability review","Authenticity type: original business-page photo. Privacy/public-use review required if family or personal imagery is shown. Classified from signed-in Facebook Photos archive by visual review.","Distinct visible photo; exact known logo duplicate excluded.","F20E1140CB723305A865DBA25748C113B954ADF178C1DA5EE0455C3E37EAD430"
"FB-RAW-122100687831229345","FB-RAW-621743806_122100687831229345_3507315443242534062_n.jpg","04-residential-work/maintenance/FB-RAW-621743806_122100687831229345_3507315443242534062_n.jpg","04-residential-work / maintenance","JPEG","Not yet measured","Facebook Photos section, signed-in session","https://www.facebook.com/photo/?fbid=122100687831229345","Not displayed; collected 2026-08-12","Systematic raw Photos-section collection","Identity not yet reviewed","Unclassified","Unclassified","Not stated","Not yet rated","Raw business archive; future classification and suitability review","Authenticity type: original business-page photo. Privacy/public-use review required if family or personal imagery is shown. Classified from signed-in Facebook Photos archive by visual review.","Distinct visible photo; exact-duplicate validation pending.","83FB14B92D910336FB73125B8C4522091EBC962ECD54E9A0F3B2F0272E240AD3"
"FB-RAW-122100685641229345","FB-RAW-622123252_122100685641229345_512588411633200841_n.jpg","02-team/family-business/FB-RAW-622123252_122100685641229345_512588411633200841_n.jpg","personal/family business-page photo — privacy review","JPEG","Not yet measured","Facebook Photos section, signed-in session","https://www.facebook.com/photo/?fbid=122100685641229345","Not displayed; collected 2026-08-12","Systematic raw Photos-section collection","Family/people shown; identities not confirmed","General","Family-owned business story / behind-the-scenes","Not stated","Not yet rated","Later human review; do not treat as pre-approved final website selection.","Likely owners/family; identities not confirmed. Personal/family-business context; not pre-approved for public use.","Distinct visible photo; exact-duplicate validation pending.","B22C5FAA2E152032FF36FB2179F1A32EE67870CEEFC07916A69911C3909E16BE"
"FB-RAW-122100684891229345","FB-RAW-621204576_122100684891229345_2844178063596301285_n.jpg","04-residential-work/maintenance/FB-RAW-621204576_122100684891229345_2844178063596301285_n.jpg","04-residential-work / maintenance","JPEG","Not yet measured","Facebook Photos section, signed-in session","https://www.facebook.com/photo/?fbid=122100684891229345","Not displayed; collected 2026-08-12","Systematic raw Photos-section collection","Identity not yet reviewed","Unclassified","Unclassified","Not stated","Not yet rated","Raw business archive; future classification and suitability review","Authenticity type: original business-page photo. Privacy/public-use review required if family or personal imagery is shown. Classified from signed-in Facebook Photos archive by visual review.","Distinct visible photo; exact-duplicate validation pending.","9DD012B9C32788ECFE69CAA9434C3A10C69FC9599C3E4C059CF94B961DCFB385"
"FB-RAW-122100685347229345","FB-RAW-621826630_122100685347229345_2547476662923089988_n.jpg","06-equipment-closeups/FB-RAW-621826630_122100685347229345_2547476662923089988_n.jpg","06-equipment-closeups","JPEG","Not yet measured","Facebook Photos section, signed-in session","https://www.facebook.com/photo/?fbid=122100685347229345","Not displayed; collected 2026-08-12","Systematic raw Photos-section collection","Identity not yet reviewed","Unclassified","Unclassified","Not stated","Not yet rated","Raw business archive; future classification and suitability review","Authenticity type: original business-page photo. Privacy/public-use review required if family or personal imagery is shown. Classified from signed-in Facebook Photos archive by visual review.","Distinct visible photo; exact-duplicate validation pending.","D4B9D9DCE5A755E75D7761CADC58DF26F671070E5FBFBDAE1C74A604003103AA"
"FB-RAW-122100684603229345","FB-RAW-621729901_122100684603229345_6418045873364711998_n.jpg","04-residential-work/mini-splits-heat-pumps/FB-RAW-621729901_122100684603229345_6418045873364711998_n.jpg","04-residential-work / mini-splits-heat-pumps","JPEG","Not yet measured","Facebook Photos section, signed-in session","https://www.facebook.com/photo/?fbid=122100684603229345","Not displayed; collected 2026-08-12","Systematic raw Photos-section collection","Identity not yet reviewed","Unclassified","Unclassified","Not stated","Not yet rated","Raw business archive; future classification and suitability review","Authenticity type: original business-page photo. Privacy/public-use review required if family or personal imagery is shown. Classified from signed-in Facebook Photos archive by visual review.","Distinct visible photo; exact-duplicate validation pending.","905C99CF538302FFD01DE41CE97753EA99BC479A729CF2D64FE798CB0185CD73"
"FB-RAW-122100684615229345","FB-RAW-622389557_122100684615229345_5905175334563600359_n.jpg","04-residential-work/mini-splits-heat-pumps/FB-RAW-622389557_122100684615229345_5905175334563600359_n.jpg","04-residential-work / mini-splits-heat-pumps","JPEG","Not yet measured","Facebook Photos section, signed-in session","https://www.facebook.com/photo/?fbid=122100684615229345","Not displayed; collected 2026-08-12","Systematic raw Photos-section collection","Identity not yet reviewed","Unclassified","Unclassified","Not stated","Not yet rated","Raw business archive; future classification and suitability review","Authenticity type: original business-page photo. Privacy/public-use review required if family or personal imagery is shown. Classified from signed-in Facebook Photos archive by visual review.","Distinct visible photo; exact-duplicate validation pending.","86292026E94267EEF33D117A757CB7A55B65F41A4573553001D19CE388C6B84E"
"FB-RAW-122100682917229345","FB-RAW-621587098_122100682917229345_4926470695422912066_n.jpg","06-equipment-closeups/FB-RAW-621587098_122100682917229345_4926470695422912066_n.jpg","06-equipment-closeups","JPEG","Not yet measured","Facebook Photos section, signed-in session","https://www.facebook.com/photo/?fbid=122100682917229345","Not displayed; collected 2026-08-12","Systematic raw Photos-section collection","Identity not yet reviewed","Unclassified","Unclassified","Not stated","Not yet rated","Raw business archive; future classification and suitability review","Authenticity type: original business-page photo. Privacy/public-use review required if family or personal imagery is shown. Classified from signed-in Facebook Photos archive by visual review.","Distinct visible photo; exact-duplicate validation pending.","BC17E897D606C968D193AC7F7C8614B80F3A5A68AE8B1F75093E1F0263A3B7A2"
"FB-RAW-122100677979229345","FB-RAW-619989420_122100677979229345_6194108918581044712_n.jpg","06-equipment-closeups/FB-RAW-619989420_122100677979229345_6194108918581044712_n.jpg","06-equipment-closeups","JPEG","Not yet measured","Facebook Photos section, signed-in session","https://www.facebook.com/photo/?fbid=122100677979229345","Not displayed; collected 2026-08-12","Systematic raw Photos-section collection","Identity not yet reviewed","Unclassified","Unclassified","Not stated","Not yet rated","Raw business archive; future classification and suitability review","Authenticity type: original business-page photo. Privacy/public-use review required if family or personal imagery is shown. Classified from signed-in Facebook Photos archive by visual review.","Distinct visible photo; exact-duplicate validation pending.","5952980E638D543E8C959D8CE72C1D45185F03CB15CE2DEBA9341D9A32648978"
"FB-RAW-122100671559229345","FB-RAW-619993147_122100671559229345_2450166231908338232_n.jpg","04-residential-work/installations/FB-RAW-619993147_122100671559229345_2450166231908338232_n.jpg","04-residential-work / installations","JPEG","Not yet measured","Facebook Photos section, signed-in session","https://www.facebook.com/photo/?fbid=122100671559229345","Not displayed; collected 2026-08-12","Systematic raw Photos-section collection","Identity not yet reviewed","Unclassified","Unclassified","Not stated","Not yet rated","Raw business archive; future classification and suitability review","Authenticity type: original business-page photo. Privacy/public-use review required if family or personal imagery is shown. Classified from signed-in Facebook Photos archive by visual review.","Distinct visible photo; exact-duplicate validation pending.","E7708082658CD0D45594CCBBC79E1595E31C5022C3D7D083F11B896C120A4E20"
"FB-RAW-122100669375229345","FB-RAW-620000151_122100669375229345_4033385858463343741_n.jpg","06-equipment-closeups/FB-RAW-620000151_122100669375229345_4033385858463343741_n.jpg","06-equipment-closeups","JPEG","Not yet measured","Facebook Photos section, signed-in session","https://www.facebook.com/photo/?fbid=122100669375229345","Not displayed; collected 2026-08-12","Systematic raw Photos-section collection","Identity not yet reviewed","Unclassified","Unclassified","Not stated","Not yet rated","Raw business archive; future classification and suitability review","Authenticity type: original business-page photo. Privacy/public-use review required if family or personal imagery is shown. Classified from signed-in Facebook Photos archive by visual review.","Distinct visible photo; exact-duplicate validation pending.","90859BAA247DBA3F07AC519F9525793B9FF49803DC9BA79E7E2B6DA97567F07E"
"FB-RAW-122100673821229345","FB-RAW-620097539_122100673821229345_4906324355193411370_n.jpg","06-equipment-closeups/FB-RAW-620097539_122100673821229345_4906324355193411370_n.jpg","06-equipment-closeups","JPEG","Not yet measured","Facebook Photos section, signed-in session","https://www.facebook.com/photo/?fbid=122100673821229345","Not displayed; collected 2026-08-12","Systematic raw Photos-section collection","Identity not yet reviewed","Unclassified","Unclassified","Not stated","Not yet rated","Raw business archive; future classification and suitability review","Authenticity type: original business-page photo. Privacy/public-use review required if family or personal imagery is shown. Classified from signed-in Facebook Photos archive by visual review.","Distinct visible photo; exact-duplicate validation pending.","EF35A5071B9DF936F2C674815704F7641BEE2A6E85A194B9475CF352B1F79BAE"
"FB-RAW-122100678921229345","FB-RAW-620102457_122100678921229345_7734050726541132880_n.jpg","02-team/technicians/FB-RAW-620102457_122100678921229345_7734050726541132880_n.jpg","02-team / technicians","JPEG","Not yet measured","Facebook Photos section, signed-in session","https://www.facebook.com/photo/?fbid=122100678921229345","Not displayed; collected 2026-08-12","Systematic raw Photos-section collection","Identity not yet reviewed","Unclassified","Unclassified","Not stated","Not yet rated","Raw business archive; future classification and suitability review","Authenticity type: original business-page photo. Privacy/public-use review required if family or personal imagery is shown. Classified from signed-in Facebook Photos archive by visual review.","Distinct visible photo; exact-duplicate validation pending.","ED6AE5C4622361A72F147F1F0F17D6994A2C400115BA9886EB181B4F9CB4707D"
"FB-RAW-10111142465521937","FB-RAW-621188686_10111142465521937_8375564866498622980_n.jpg","01-brand/branded-graphics/FB-RAW-621188686_10111142465521937_8375564866498622980_n.jpg","01-brand / branded-graphics","JPEG","Not yet measured","Facebook Photos section, signed-in session","https://www.facebook.com/photo/?fbid=10111142465521937","Not displayed; collected 2026-08-12","Systematic raw Photos-section collection","Identity not yet reviewed","Unclassified","Unclassified","Not stated","Not yet rated","Raw business archive; future classification and suitability review","Authenticity type: original business-page photo. Privacy/public-use review required if family or personal imagery is shown. Classified from signed-in Facebook Photos archive by visual review.","Distinct visible photo; exact-duplicate validation pending.","EB40577B4B7E33B2FD067AADAD5859E05911CC98050299417963D293A42FC9AF"
"FB-RAW-122100670353229345","FB-RAW-621198732_122100670353229345_4067330293651049592_n.jpg","06-equipment-closeups/FB-RAW-621198732_122100670353229345_4067330293651049592_n.jpg","06-equipment-closeups","JPEG","Not yet measured","Facebook Photos section, signed-in session","https://www.facebook.com/photo/?fbid=122100670353229345","Not displayed; collected 2026-08-12","Systematic raw Photos-section collection","Identity not yet reviewed","Unclassified","Unclassified","Not stated","Not yet rated","Raw business archive; future classification and suitability review","Authenticity type: original business-page photo. Privacy/public-use review required if family or personal imagery is shown. Classified from signed-in Facebook Photos archive by visual review.","Distinct visible photo; exact-duplicate validation pending.","DCD7881B164B9D9E6B78D3718D5BAD7A9C73887625CD36A314B02456793816F6"
"FB-RAW-122100677511229345","FB-RAW-621206370_122100677511229345_2516490350796077569_n.jpg","06-equipment-closeups/FB-RAW-621206370_122100677511229345_2516490350796077569_n.jpg","06-equipment-closeups","JPEG","Not yet measured","Facebook Photos section, signed-in session","https://www.facebook.com/photo/?fbid=122100677511229345","Not displayed; collected 2026-08-12","Systematic raw Photos-section collection","Identity not yet reviewed","Unclassified","Unclassified","Not stated","Not yet rated","Raw business archive; future classification and suitability review","Authenticity type: original business-page photo. Privacy/public-use review required if family or personal imagery is shown. Classified from signed-in Facebook Photos archive by visual review.","Distinct visible photo; exact-duplicate validation pending.","4100C6F6E3013F83CCE589C30EEBADD512496F2F8D71FDAE210B14D39F3B78B1"
"FB-RAW-10111142467607757","FB-RAW-621673377_10111142467607757_1873118612213575354_n.jpg","01-brand/branded-graphics/FB-RAW-621673377_10111142467607757_1873118612213575354_n.jpg","01-brand / branded-graphics","JPEG","Not yet measured","Facebook Photos section, signed-in session","https://www.facebook.com/photo/?fbid=10111142467607757","Not displayed; collected 2026-08-12","Systematic raw Photos-section collection","Identity not yet reviewed","Unclassified","Unclassified","Not stated","Not yet rated","Raw business archive; future classification and suitability review","Authenticity type: original business-page photo. Privacy/public-use review required if family or personal imagery is shown. Classified from signed-in Facebook Photos archive by visual review.","Distinct visible photo; exact-duplicate validation pending.","A4537A83F0D9AFD454EFF65C593F11CE203863AE6E85BE3B694CAE21686E69C1"
"FB-RAW-122100675843229345","FB-RAW-621793260_122100675843229345_2513029973444523181_n.jpg","04-residential-work/installations/FB-RAW-621793260_122100675843229345_2513029973444523181_n.jpg","04-residential-work / installations","JPEG","Not yet measured","Facebook Photos section, signed-in session","https://www.facebook.com/photo/?fbid=122100675843229345","Not displayed; collected 2026-08-12","Systematic raw Photos-section collection","Identity not yet reviewed","Unclassified","Unclassified","Not stated","Not yet rated","Raw business archive; future classification and suitability review","Authenticity type: original business-page photo. Privacy/public-use review required if family or personal imagery is shown. Classified from signed-in Facebook Photos archive by visual review.","Distinct visible photo; exact-duplicate validation pending.","0E24D07F767AF033AC310387705AFC5B228DB4CFD9B8C81EC7B4D3776FE569CD"
"FB-RAW-122100670197229345","FB-RAW-621801074_122100670197229345_4023339530956934339_n.jpg","04-residential-work/maintenance/FB-RAW-621801074_122100670197229345_4023339530956934339_n.jpg","04-residential-work / maintenance","JPEG","Not yet measured","Facebook Photos section, signed-in session","https://www.facebook.com/photo/?fbid=122100670197229345","Not displayed; collected 2026-08-12","Systematic raw Photos-section collection","Identity not yet reviewed","Unclassified","Unclassified","Not stated","Not yet rated","Raw business archive; future classification and suitability review","Authenticity type: original business-page photo. Privacy/public-use review required if family or personal imagery is shown. Classified from signed-in Facebook Photos archive by visual review.","Distinct visible photo; exact-duplicate validation pending.","F3A59CDF02BB1D63F30AD8311129C45F0C2277C20B4EE09BD8A67FBDB784E6C3"
"FB-RAW-122100673839229345","FB-RAW-621806082_122100673839229345_6516912044079101332_n.jpg","04-residential-work/maintenance/FB-RAW-621806082_122100673839229345_6516912044079101332_n.jpg","04-residential-work / maintenance","JPEG","Not yet measured","Facebook Photos section, signed-in session","https://www.facebook.com/photo/?fbid=122100673839229345","Not displayed; collected 2026-08-12","Systematic raw Photos-section collection","Identity not yet reviewed","Unclassified","Unclassified","Not stated","Not yet rated","Raw business archive; future classification and suitability review","Authenticity type: original business-page photo. Privacy/public-use review required if family or personal imagery is shown. Classified from signed-in Facebook Photos archive by visual review.","Distinct visible photo; exact-duplicate validation pending.","108D9D4F2799135BE7CD8D41E917B9BBDE337374E11F5108575DCB0337DFE60D"
"FB-RAW-122100675999229345","FB-RAW-621813142_122100675999229345_8389068451553685134_n.jpg","04-residential-work/maintenance/FB-RAW-621813142_122100675999229345_8389068451553685134_n.jpg","04-residential-work / maintenance","JPEG","Not yet measured","Facebook Photos section, signed-in session","https://www.facebook.com/photo/?fbid=122100675999229345","Not displayed; collected 2026-08-12","Systematic raw Photos-section collection","Identity not yet reviewed","Unclassified","Unclassified","Not stated","Not yet rated","Raw business archive; future classification and suitability review","Authenticity type: original business-page photo. Privacy/public-use review required if family or personal imagery is shown. Classified from signed-in Facebook Photos archive by visual review.","Distinct visible photo; exact-duplicate validation pending.","7CD1D08E0A114FD4B00D2CFF4AE16D772EF74FBD07AECCCBC73B8F574DF63E17"
"FB-RAW-122100675975229345","FB-RAW-621819295_122100675975229345_2349641275679402222_n.jpg","04-residential-work/installations/FB-RAW-621819295_122100675975229345_2349641275679402222_n.jpg","04-residential-work / installations","JPEG","Not yet measured","Facebook Photos section, signed-in session","https://www.facebook.com/photo/?fbid=122100675975229345","Not displayed; collected 2026-08-12","Systematic raw Photos-section collection","Identity not yet reviewed","Unclassified","Unclassified","Not stated","Not yet rated","Raw business archive; future classification and suitability review","Authenticity type: original business-page photo. Privacy/public-use review required if family or personal imagery is shown. Classified from signed-in Facebook Photos archive by visual review.","Distinct visible photo; exact-duplicate validation pending.","510336FE55571C69862CFE43C48F656C6E66C41C1860DE3CA69938FC456DDE46"
"FB-RAW-122100678933229345","FB-RAW-621827796_122100678933229345_1833673640089877848_n.jpg","02-team/technicians/FB-RAW-621827796_122100678933229345_1833673640089877848_n.jpg","02-team / technicians","JPEG","Not yet measured","Facebook Photos section, signed-in session","https://www.facebook.com/photo/?fbid=122100678933229345","Not displayed; collected 2026-08-12","Systematic raw Photos-section collection","Identity not yet reviewed","Unclassified","Unclassified","Not stated","Not yet rated","Raw business archive; future classification and suitability review","Authenticity type: original business-page photo. Privacy/public-use review required if family or personal imagery is shown. Classified from signed-in Facebook Photos archive by visual review.","Distinct visible photo; exact-duplicate validation pending.","21429D4875844FF1AAF437B7443B5B811550DF076AA9E8BBD600A4D6872F4C37"
"FB-RAW-122100671577229345","FB-RAW-621828484_122100671577229345_7289697705406097612_n.jpg","04-residential-work/maintenance/FB-RAW-621828484_122100671577229345_7289697705406097612_n.jpg","04-residential-work / maintenance","JPEG","Not yet measured","Facebook Photos section, signed-in session","https://www.facebook.com/photo/?fbid=122100671577229345","Not displayed; collected 2026-08-12","Systematic raw Photos-section collection","Identity not yet reviewed","Unclassified","Unclassified","Not stated","Not yet rated","Raw business archive; future classification and suitability review","Authenticity type: original business-page photo. Privacy/public-use review required if family or personal imagery is shown. Classified from signed-in Facebook Photos archive by visual review.","Distinct visible photo; exact-duplicate validation pending.","FADC997D8E2803AD7CD0D238B2293C8A1C15E1FC0BA7596FF8D1ECF0C5E7C152"
"FB-RAW-122100677991229345","FB-RAW-621839429_122100677991229345_8412721961223827948_n.jpg","04-residential-work/maintenance/FB-RAW-621839429_122100677991229345_8412721961223827948_n.jpg","04-residential-work / maintenance","JPEG","Not yet measured","Facebook Photos section, signed-in session","https://www.facebook.com/photo/?fbid=122100677991229345","Not displayed; collected 2026-08-12","Systematic raw Photos-section collection","Identity not yet reviewed","Unclassified","Unclassified","Not stated","Not yet rated","Raw business archive; future classification and suitability review","Authenticity type: original business-page photo. Privacy/public-use review required if family or personal imagery is shown. Classified from signed-in Facebook Photos archive by visual review.","Distinct visible photo; exact-duplicate validation pending.","FD600EB9498F5F6A546D0B2EB590AED45ADF3286D3E55A28BE3037D5028341BC"
"FB-RAW-122100669363229345","FB-RAW-621840346_122100669363229345_8980483210789907311_n.jpg","04-residential-work/maintenance/FB-RAW-621840346_122100669363229345_8980483210789907311_n.jpg","04-residential-work / maintenance","JPEG","Not yet measured","Facebook Photos section, signed-in session","https://www.facebook.com/photo/?fbid=122100669363229345","Not displayed; collected 2026-08-12","Systematic raw Photos-section collection","Identity not yet reviewed","Unclassified","Unclassified","Not stated","Not yet rated","Raw business archive; future classification and suitability review","Authenticity type: original business-page photo. Privacy/public-use review required if family or personal imagery is shown. Classified from signed-in Facebook Photos archive by visual review.","Distinct visible photo; exact-duplicate validation pending.","FD433E59DE63D38CC6D32F7CE88071CC130D29AC635A9791B66AFFCA9D88BC6B"
"FB-RAW-122100671553229345","FB-RAW-621901449_122100671553229345_5451112383014787571_n.jpg","04-residential-work/maintenance/FB-RAW-621901449_122100671553229345_5451112383014787571_n.jpg","04-residential-work / maintenance","JPEG","Not yet measured","Facebook Photos section, signed-in session","https://www.facebook.com/photo/?fbid=122100671553229345","Not displayed; collected 2026-08-12","Systematic raw Photos-section collection","Identity not yet reviewed","Unclassified","Unclassified","Not stated","Not yet rated","Raw business archive; future classification and suitability review","Authenticity type: original business-page photo. Privacy/public-use review required if family or personal imagery is shown. Classified from signed-in Facebook Photos archive by visual review.","Distinct visible photo; exact-duplicate validation pending.","32D259CFF7A09CE5F5780CB775C7BBB603A0F7DDE4130A25243A9D831B34F0E7"
"FB-RAW-122100675831229345","FB-RAW-622171459_122100675831229345_4723484804079487947_n.jpg","04-residential-work/maintenance/FB-RAW-622171459_122100675831229345_4723484804079487947_n.jpg","04-residential-work / maintenance","JPEG","Not yet measured","Facebook Photos section, signed-in session","https://www.facebook.com/photo/?fbid=122100675831229345","Not displayed; collected 2026-08-12","Systematic raw Photos-section collection","Identity not yet reviewed","Unclassified","Unclassified","Not stated","Not yet rated","Raw business archive; future classification and suitability review","Authenticity type: original business-page photo. Privacy/public-use review required if family or personal imagery is shown. Classified from signed-in Facebook Photos archive by visual review.","Distinct visible photo; exact-duplicate validation pending.","333577BDB8BA3177B53E23473D5C7B2914C51A4831A7FFF5BFD151ACA4D73AEB"
"FB-RAW-122100670185229345","FB-RAW-622362951_122100670185229345_1609452690371245677_n.jpg","04-residential-work/maintenance/FB-RAW-622362951_122100670185229345_1609452690371245677_n.jpg","04-residential-work / maintenance","JPEG","Not yet measured","Facebook Photos section, signed-in session","https://www.facebook.com/photo/?fbid=122100670185229345","Not displayed; collected 2026-08-12","Systematic raw Photos-section collection","Identity not yet reviewed","Unclassified","Unclassified","Not stated","Not yet rated","Raw business archive; future classification and suitability review","Authenticity type: original business-page photo. Privacy/public-use review required if family or personal imagery is shown. Classified from signed-in Facebook Photos archive by visual review.","Distinct visible photo; exact-duplicate validation pending.","7D896FD5C9BF2AFD14C054F113F90F7864444C8F25CA5A088A42D709ACD0F7E5"
"FB-RAW-122130300885229345","FB-RAW-764855287_122130300885229345_3046565702130412290_n.jpg","09-social-graphics/reference-shared-content/FB-RAW-764855287_122130300885229345_3046565702130412290_n.jpg","09-social-graphics / reference-shared-content","JPEG","Not yet measured","Facebook Photos section, signed-in session","https://www.facebook.com/photo/?fbid=122130300885229345","Not displayed; collected 2026-08-12","Systematic raw Photos-section collection","Identity not yet reviewed","Unclassified","Unclassified","Not stated","Not yet rated","Raw business archive; future classification and suitability review","Authenticity type: original business-page photo. Privacy/public-use review required if family or personal imagery is shown. Classified from signed-in Facebook Photos archive by visual review.","Distinct visible photo; exact-duplicate validation pending.","5A27778C273EB48F6747B61B3BCF721029DBC0C6762FEC0094C1D773FD3DC9DA"
"FB-RAW-122130517029229345","FB-RAW-766674701_122130517029229345_2046755125913550170_n.jpg","02-team/technicians/FB-RAW-766674701_122130517029229345_2046755125913550170_n.jpg","02-team / technicians","JPEG","Not yet measured","Facebook Photos section, signed-in session","https://www.facebook.com/photo/?fbid=122130517029229345","Not displayed; collected 2026-08-12","Systematic raw Photos-section collection","Identity not yet reviewed","Unclassified","Unclassified","Not stated","Not yet rated","Raw business archive; future classification and suitability review","Authenticity type: original business-page photo. Privacy/public-use review required if family or personal imagery is shown. Classified from signed-in Facebook Photos archive by visual review.","Distinct visible photo; exact-duplicate validation pending.","7342E61C17B3FC0D1B18E9CC92C4164E7D2B4D5FD9E6ADA96329AEF790C1BE1E"
"FB-RAW-122130517017229345","FB-RAW-767190423_122130517017229345_5522844914835218150_n.jpg","04-residential-work/installations/FB-RAW-767190423_122130517017229345_5522844914835218150_n.jpg","04-residential-work / installations","JPEG","Not yet measured","Facebook Photos section, signed-in session","https://www.facebook.com/photo/?fbid=122130517017229345","Not displayed; collected 2026-08-12","Systematic raw Photos-section collection","Identity not yet reviewed","Unclassified","Unclassified","Not stated","Not yet rated","Raw business archive; future classification and suitability review","Authenticity type: original business-page photo. Privacy/public-use review required if family or personal imagery is shown. Classified from signed-in Facebook Photos archive by visual review.","Distinct visible photo; exact-duplicate validation pending.","4C1F108993CBC0492FA06074D2ADC8382E821D77AD16436FBE98AFC39E837A5E"
"FB-RAW-122130517053229345","FB-RAW-768844438_122130517053229345_7815883432756406262_n.jpg","02-team/technicians/FB-RAW-768844438_122130517053229345_7815883432756406262_n.jpg","02-team / technicians","JPEG","Not yet measured","Facebook Photos section, signed-in session","https://www.facebook.com/photo/?fbid=122130517053229345","Not displayed; collected 2026-08-12","Systematic raw Photos-section collection","Identity not yet reviewed","Unclassified","Unclassified","Not stated","Not yet rated","Raw business archive; future classification and suitability review","Authenticity type: original business-page photo. Privacy/public-use review required if family or personal imagery is shown. Classified from signed-in Facebook Photos archive by visual review.","Distinct visible photo; exact-duplicate validation pending.","0E8A825147CBEB2861D063949AD39FC481C9D2C3CA6E22E80677990867070ED4"
"FB-RAW-122130517491229345","FB-RAW-769324469_122130517491229345_590538701364071475_n.jpg","02-team/technicians/FB-RAW-769324469_122130517491229345_590538701364071475_n.jpg","02-team / technicians","JPEG","Not yet measured","Facebook Photos section, signed-in session","https://www.facebook.com/photo/?fbid=122130517491229345","Not displayed; collected 2026-08-12","Systematic raw Photos-section collection","Identity not yet reviewed","Unclassified","Unclassified","Not stated","Not yet rated","Raw business archive; future classification and suitability review","Authenticity type: original business-page photo. Privacy/public-use review required if family or personal imagery is shown. Classified from signed-in Facebook Photos archive by visual review.","Distinct visible photo; exact-duplicate validation pending.","14801025D06700BE4F491C4BC5E1C0023ECB9E5CE39DF59AC09809B6864C4B30"
"FB-RAW-122130517479229345","FB-RAW-769458551_122130517479229345_4586623411774796565_n.jpg","06-equipment-closeups/FB-RAW-769458551_122130517479229345_4586623411774796565_n.jpg","06-equipment-closeups","JPEG","Not yet measured","Facebook Photos section, signed-in session","https://www.facebook.com/photo/?fbid=122130517479229345","Not displayed; collected 2026-08-12","Systematic raw Photos-section collection","Identity not yet reviewed","Unclassified","Unclassified","Not stated","Not yet rated","Raw business archive; future classification and suitability review","Authenticity type: original business-page photo. Privacy/public-use review required if family or personal imagery is shown. Classified from signed-in Facebook Photos archive by visual review.","Distinct visible photo; exact-duplicate validation pending.","1E5D1056B851CF38718CF21D8FB693AD361D4145A1EE3DC9D2DD8DED69427849"
"FB-RAW-122128707735229345","FB-RAW-751388778_122128707735229345_8441766000486285164_n.jpg","04-residential-work/installations/FB-RAW-751388778_122128707735229345_8441766000486285164_n.jpg","04-residential-work / installations","JPEG","Not yet measured","Facebook Photos section, signed-in session","https://www.facebook.com/photo/?fbid=122128707735229345","Not displayed; collected 2026-08-12","Systematic raw Photos-section collection","Identity not yet reviewed","Unclassified","Unclassified","Not stated","Not yet rated","Raw business archive; future classification and suitability review","Authenticity type: original business-page photo. Privacy/public-use review required if family or personal imagery is shown. Classified from signed-in Facebook Photos archive by visual review.","Distinct visible photo; exact-duplicate validation pending.","7D953477BDE55C00DE30EC6FB9E58C9EF7B0343896279E8586BC8BF73022702B"
"FB-RAW-122128694445229345","FB-RAW-751804395_122128694445229345_9185168158873516133_n.jpg","09-social-graphics/reference-shared-content/FB-RAW-751804395_122128694445229345_9185168158873516133_n.jpg","09-social-graphics / reference-shared-content","JPEG","Not yet measured","Facebook Photos section, signed-in session","https://www.facebook.com/photo/?fbid=122128694445229345","Not displayed; collected 2026-08-12","Systematic raw Photos-section collection","Identity not yet reviewed","Unclassified","Unclassified","Not stated","Not yet rated","Raw business archive; future classification and suitability review","Authenticity type: original business-page photo. Privacy/public-use review required if family or personal imagery is shown. Classified from signed-in Facebook Photos archive by visual review.","Distinct visible photo; exact-duplicate validation pending.","6EF4680C376E99FA44B9CB582ECB99B3E6E9CA98C4948DB9BAFBF646A79ECE34"
"FB-RAW-122128694367229345","FB-RAW-751871059_122128694367229345_8567782585630423940_n.jpg","09-social-graphics/reference-shared-content/FB-RAW-751871059_122128694367229345_8567782585630423940_n.jpg","09-social-graphics / reference-shared-content","JPEG","Not yet measured","Facebook Photos section, signed-in session","https://www.facebook.com/photo/?fbid=122128694367229345","Not displayed; collected 2026-08-12","Systematic raw Photos-section collection","Identity not yet reviewed","Unclassified","Unclassified","Not stated","Not yet rated","Raw business archive; future classification and suitability review","Authenticity type: original business-page photo. Privacy/public-use review required if family or personal imagery is shown. Classified from signed-in Facebook Photos archive by visual review.","Distinct visible photo; exact-duplicate validation pending.","6991AF666AC9DD76773F31040C54EF5FD46D2580226A574700054CC2B4E01FE1"
"FB-RAW-122128707723229345","FB-RAW-754098288_122128707723229345_1209895009935786087_n.jpg","04-residential-work/maintenance/FB-RAW-754098288_122128707723229345_1209895009935786087_n.jpg","04-residential-work / maintenance","JPEG","Not yet measured","Facebook Photos section, signed-in session","https://www.facebook.com/photo/?fbid=122128707723229345","Not displayed; collected 2026-08-12","Systematic raw Photos-section collection","Identity not yet reviewed","Unclassified","Unclassified","Not stated","Not yet rated","Raw business archive; future classification and suitability review","Authenticity type: original business-page photo. Privacy/public-use review required if family or personal imagery is shown. Classified from signed-in Facebook Photos archive by visual review.","Distinct visible photo; exact-duplicate validation pending.","84C54A2E40ADAE063BEE2F3262C09DD99B83DC61C2C58EC5A4F806C426E64631"
"FB-RAW-122128694457229345","FB-RAW-754298094_122128694457229345_8909006229484949553_n.jpg","09-social-graphics/reference-shared-content/FB-RAW-754298094_122128694457229345_8909006229484949553_n.jpg","09-social-graphics / reference-shared-content","JPEG","Not yet measured","Facebook Photos section, signed-in session","https://www.facebook.com/photo/?fbid=122128694457229345","Not displayed; collected 2026-08-12","Systematic raw Photos-section collection","Identity not yet reviewed","Unclassified","Unclassified","Not stated","Not yet rated","Raw business archive; future classification and suitability review","Authenticity type: original business-page photo. Privacy/public-use review required if family or personal imagery is shown. Classified from signed-in Facebook Photos archive by visual review.","Distinct visible photo; exact-duplicate validation pending.","1AA6F1F44045456993D0268869C034363125428FB3DF4D25DA272E4D28C03C74"
"FB-RAW-122128694415229345","FB-RAW-754462817_122128694415229345_8480698877661897081_n.jpg","09-social-graphics/reference-shared-content/FB-RAW-754462817_122128694415229345_8480698877661897081_n.jpg","09-social-graphics / reference-shared-content","JPEG","Not yet measured","Facebook Photos section, signed-in session","https://www.facebook.com/photo/?fbid=122128694415229345","Not displayed; collected 2026-08-12","Systematic raw Photos-section collection","Identity not yet reviewed","Unclassified","Unclassified","Not stated","Not yet rated","Raw business archive; future classification and suitability review","Authenticity type: original business-page photo. Privacy/public-use review required if family or personal imagery is shown. Classified from signed-in Facebook Photos archive by visual review.","Distinct visible photo; exact-duplicate validation pending.","AE038F633539308EA6E9FD3464349DE9A1D87EDB8159185D44CCD4DD67F052EF"
"FB-RAW-122128694391229345","FB-RAW-754758181_122128694391229345_5112237558565285946_n.jpg","09-social-graphics/reference-shared-content/FB-RAW-754758181_122128694391229345_5112237558565285946_n.jpg","09-social-graphics / reference-shared-content","JPEG","Not yet measured","Facebook Photos section, signed-in session","https://www.facebook.com/photo/?fbid=122128694391229345","Not displayed; collected 2026-08-12","Systematic raw Photos-section collection","Identity not yet reviewed","Unclassified","Unclassified","Not stated","Not yet rated","Raw business archive; future classification and suitability review","Authenticity type: original business-page photo. Privacy/public-use review required if family or personal imagery is shown. Classified from signed-in Facebook Photos archive by visual review.","Distinct visible photo; exact-duplicate validation pending.","44EF46983A40BB422A1D5BBAE2588741748551DDD504D0B36C1BF2BFB32E2209"
"FB-RAW-122128707711229345","FB-RAW-754971195_122128707711229345_1083127086472951309_n.jpg","04-residential-work/maintenance/FB-RAW-754971195_122128707711229345_1083127086472951309_n.jpg","04-residential-work / maintenance","JPEG","Not yet measured","Facebook Photos section, signed-in session","https://www.facebook.com/photo/?fbid=122128707711229345","Not displayed; collected 2026-08-12","Systematic raw Photos-section collection","Identity not yet reviewed","Unclassified","Unclassified","Not stated","Not yet rated","Raw business archive; future classification and suitability review","Authenticity type: original business-page photo. Privacy/public-use review required if family or personal imagery is shown. Classified from signed-in Facebook Photos archive by visual review.","Distinct visible photo; exact-duplicate validation pending.","BF7F6DC94841A140F27164066A0276F59533B8480EB5E7D468B6BDBCED2797F0"
"FB-RAW-122128973553229345","FB-RAW-755317628_122128973553229345_3161123507868914308_n.jpg","02-team/technicians/FB-RAW-755317628_122128973553229345_3161123507868914308_n.jpg","02-team / technicians","JPEG","Not yet measured","Facebook Photos section, signed-in session","https://www.facebook.com/photo/?fbid=122128973553229345","Not displayed; collected 2026-08-12","Systematic raw Photos-section collection","Identity not yet reviewed","Unclassified","Unclassified","Not stated","Not yet rated","Raw business archive; future classification and suitability review","Authenticity type: original business-page photo. Privacy/public-use review required if family or personal imagery is shown. Classified from signed-in Facebook Photos archive by visual review.","Distinct visible photo; exact-duplicate validation pending.","2C3939DCA0CEDD0754C018AC0C9442E0B0C5C1ED95D3B50982BEDCA8444978EA"
"FB-RAW-122128973529229345","FB-RAW-755870557_122128973529229345_5997847278674554033_n.jpg","04-residential-work/maintenance/FB-RAW-755870557_122128973529229345_5997847278674554033_n.jpg","04-residential-work / maintenance","JPEG","Not yet measured","Facebook Photos section, signed-in session","https://www.facebook.com/photo/?fbid=122128973529229345","Not displayed; collected 2026-08-12","Systematic raw Photos-section collection","Identity not yet reviewed","Unclassified","Unclassified","Not stated","Not yet rated","Raw business archive; future classification and suitability review","Authenticity type: original business-page photo. Privacy/public-use review required if family or personal imagery is shown. Classified from signed-in Facebook Photos archive by visual review.","Distinct visible photo; exact-duplicate validation pending.","DC4F7642B0C53FE80F30684813FC4036C7CA79530AA3FCC06F711C7BB854F03D"
"FB-RAW-122128973565229345","FB-RAW-755870589_122128973565229345_545932038974839666_n.jpg","02-team/technicians/FB-RAW-755870589_122128973565229345_545932038974839666_n.jpg","02-team / technicians","JPEG","Not yet measured","Facebook Photos section, signed-in session","https://www.facebook.com/photo/?fbid=122128973565229345","Not displayed; collected 2026-08-12","Systematic raw Photos-section collection","Identity not yet reviewed","Unclassified","Unclassified","Not stated","Not yet rated","Raw business archive; future classification and suitability review","Authenticity type: original business-page photo. Privacy/public-use review required if family or personal imagery is shown. Classified from signed-in Facebook Photos archive by visual review.","Distinct visible photo; exact-duplicate validation pending.","E011573226B596C63DC1227C51847EEAD50BD8A58B5E10DC189CEE40502588EE"
"FB-RAW-122128973517229345","FB-RAW-756632406_122128973517229345_560164593675192891_n.jpg","04-residential-work/maintenance/FB-RAW-756632406_122128973517229345_560164593675192891_n.jpg","04-residential-work / maintenance","JPEG","Not yet measured","Facebook Photos section, signed-in session","https://www.facebook.com/photo/?fbid=122128973517229345","Not displayed; collected 2026-08-12","Systematic raw Photos-section collection","Identity not yet reviewed","Unclassified","Unclassified","Not stated","Not yet rated","Raw business archive; future classification and suitability review","Authenticity type: original business-page photo. Privacy/public-use review required if family or personal imagery is shown. Classified from signed-in Facebook Photos archive by visual review.","Distinct visible photo; exact-duplicate validation pending.","395FBDF826931892A2234CCD7A2241FDF1659AC5DFA51AB095617A073020CB4A"
"FB-RAW-122129316681229345","FB-RAW-758067260_122129316681229345_7436327712813899220_n.jpg","04-residential-work/maintenance/FB-RAW-758067260_122129316681229345_7436327712813899220_n.jpg","04-residential-work / maintenance","JPEG","Not yet measured","Facebook Photos section, signed-in session","https://www.facebook.com/photo/?fbid=122129316681229345","Not displayed; collected 2026-08-12","Systematic raw Photos-section collection","Identity not yet reviewed","Unclassified","Unclassified","Not stated","Not yet rated","Raw business archive; future classification and suitability review","Authenticity type: original business-page photo. Privacy/public-use review required if family or personal imagery is shown. Classified from signed-in Facebook Photos archive by visual review.","Distinct visible photo; exact-duplicate validation pending.","8F9107D4B90B0787B6A3851AA567537E588B116230067817FEA7508AC80C751D"
"FB-RAW-122129114385229345","FB-RAW-758617240_122129114385229345_638772889814419256_n.jpg","04-residential-work/maintenance/FB-RAW-758617240_122129114385229345_638772889814419256_n.jpg","04-residential-work / maintenance","JPEG","Not yet measured","Facebook Photos section, signed-in session","https://www.facebook.com/photo/?fbid=122129114385229345","Not displayed; collected 2026-08-12","Systematic raw Photos-section collection","Identity not yet reviewed","Unclassified","Unclassified","Not stated","Not yet rated","Raw business archive; future classification and suitability review","Authenticity type: original business-page photo. Privacy/public-use review required if family or personal imagery is shown. Classified from signed-in Facebook Photos archive by visual review.","Distinct visible photo; exact-duplicate validation pending.","76994FDAEC388A39DF6256222CCFD3000AFDD93284D68F289938BCE4B69B5DC3"
"FB-RAW-122129574825229345","FB-RAW-758904849_122129574825229345_6473252499861685657_n.jpg","09-social-graphics/reference-shared-content/FB-RAW-758904849_122129574825229345_6473252499861685657_n.jpg","09-social-graphics / reference-shared-content","JPEG","Not yet measured","Facebook Photos section, signed-in session","https://www.facebook.com/photo/?fbid=122129574825229345","Not displayed; collected 2026-08-12","Systematic raw Photos-section collection","Identity not yet reviewed","Unclassified","Unclassified","Not stated","Not yet rated","Raw business archive; future classification and suitability review","Authenticity type: original business-page photo. Privacy/public-use review required if family or personal imagery is shown. Classified from signed-in Facebook Photos archive by visual review.","Distinct visible photo; exact-duplicate validation pending.","15227F8161F9D50FA494C87A7CC7DB78CC3E594DAA7208A7CD07B3D390D47CBB"
"FB-RAW-122129316651229345","FB-RAW-759479807_122129316651229345_5676816634011845595_n.jpg","09-social-graphics/reference-shared-content/FB-RAW-759479807_122129316651229345_5676816634011845595_n.jpg","09-social-graphics / reference-shared-content","JPEG","Not yet measured","Facebook Photos section, signed-in session","https://www.facebook.com/photo/?fbid=122129316651229345","Not displayed; collected 2026-08-12","Systematic raw Photos-section collection","Identity not yet reviewed","Unclassified","Unclassified","Not stated","Not yet rated","Raw business archive; future classification and suitability review","Authenticity type: original business-page photo. Privacy/public-use review required if family or personal imagery is shown. Classified from signed-in Facebook Photos archive by visual review.","Distinct visible photo; exact-duplicate validation pending.","6026028755EFC895DAE81489CE89A133AA1CEBAD266DFB952ABA10A90417947F"
"FB-RAW-122129316783229345","FB-RAW-759746125_122129316783229345_7957194425810640331_n.jpg","04-residential-work/installations/FB-RAW-759746125_122129316783229345_7957194425810640331_n.jpg","04-residential-work / installations","JPEG","Not yet measured","Facebook Photos section, signed-in session","https://www.facebook.com/photo/?fbid=122129316783229345","Not displayed; collected 2026-08-12","Systematic raw Photos-section collection","Identity not yet reviewed","Unclassified","Unclassified","Not stated","Not yet rated","Raw business archive; future classification and suitability review","Authenticity type: original business-page photo. Privacy/public-use review required if family or personal imagery is shown. Classified from signed-in Facebook Photos archive by visual review.","Distinct visible photo; exact-duplicate validation pending.","3C3CB25D7D8B9B6C00E3ED0EF704005047BD6E9A4B0AA8B9B5DCB18478C3BF58"
"FB-RAW-122129316741229345","FB-RAW-759776332_122129316741229345_3253784086349017176_n.jpg","04-residential-work/installations/FB-RAW-759776332_122129316741229345_3253784086349017176_n.jpg","04-residential-work / installations","JPEG","Not yet measured","Facebook Photos section, signed-in session","https://www.facebook.com/photo/?fbid=122129316741229345","Not displayed; collected 2026-08-12","Systematic raw Photos-section collection","Identity not yet reviewed","Unclassified","Unclassified","Not stated","Not yet rated","Raw business archive; future classification and suitability review","Authenticity type: original business-page photo. Privacy/public-use review required if family or personal imagery is shown. Classified from signed-in Facebook Photos archive by visual review.","Distinct visible photo; exact-duplicate validation pending.","B43516294F0F60D3D60AE70A5110CDA9A2F61A47229929EAFA06B1DB1AF50F12"
"FB-RAW-122127861939229345","FB-RAW-749239601_122127861939229345_6918703800181332036_n.jpg","09-social-graphics/reference-shared-content/FB-RAW-749239601_122127861939229345_6918703800181332036_n.jpg","09-social-graphics / reference-shared-content","JPEG","Not yet measured","Facebook Photos section, signed-in session","https://www.facebook.com/photo/?fbid=122127861939229345","Not displayed; collected 2026-08-12","Systematic raw Photos-section collection","Identity not yet reviewed","Unclassified","Unclassified","Not stated","Not yet rated","Raw business archive; future classification and suitability review","Authenticity type: original business-page photo. Privacy/public-use review required if family or personal imagery is shown. Classified from signed-in Facebook Photos archive by visual review.","Distinct visible photo; exact-duplicate validation pending.","1D08553EE7BF0A462F1B3A63325AA157E45D12D24F8B4B5F20E72FE21DDF9CA9"
"FB-RAW-122127867921229345","FB-RAW-749329767_122127867921229345_8224143899150452310_n.jpg","09-social-graphics/reference-shared-content/FB-RAW-749329767_122127867921229345_8224143899150452310_n.jpg","09-social-graphics / reference-shared-content","JPEG","Not yet measured","Facebook Photos section, signed-in session","https://www.facebook.com/photo/?fbid=122127867921229345","Not displayed; collected 2026-08-12","Systematic raw Photos-section collection","Identity not yet reviewed","Unclassified","Unclassified","Not stated","Not yet rated","Raw business archive; future classification and suitability review","Authenticity type: original business-page photo. Privacy/public-use review required if family or personal imagery is shown. Classified from signed-in Facebook Photos archive by visual review.","Distinct visible photo; exact-duplicate validation pending.","9DB8A803E279C68AC83A45DC9D97209EAB19B24D7CCFC6686623E64728CF7A79"
"FB-RAW-122127861927229345","FB-RAW-749665320_122127861927229345_3730239538786354787_n.jpg","04-residential-work/mini-splits-heat-pumps/FB-RAW-749665320_122127861927229345_3730239538786354787_n.jpg","04-residential-work / mini-splits-heat-pumps","JPEG","Not yet measured","Facebook Photos section, signed-in session","https://www.facebook.com/photo/?fbid=122127861927229345","Not displayed; collected 2026-08-12","Systematic raw Photos-section collection","Identity not yet reviewed","Unclassified","Unclassified","Not stated","Not yet rated","Raw business archive; future classification and suitability review","Authenticity type: original business-page photo. Privacy/public-use review required if family or personal imagery is shown. Classified from signed-in Facebook Photos archive by visual review.","Distinct visible photo; exact-duplicate validation pending.","14B7ECA2175787DC5BCCD3B3B3BB95A618D6C2545BCC37DA91E02C701454126C"
"FB-RAW-122128392345229345","FB-RAW-750055114_122128392345229345_4760545461197797387_n.jpg","04-residential-work/installations/FB-RAW-750055114_122128392345229345_4760545461197797387_n.jpg","04-residential-work / installations","JPEG","Not yet measured","Facebook Photos section, signed-in session","https://www.facebook.com/photo/?fbid=122128392345229345","Not displayed; collected 2026-08-12","Systematic raw Photos-section collection","Identity not yet reviewed","Unclassified","Unclassified","Not stated","Not yet rated","Raw business archive; future classification and suitability review","Authenticity type: original business-page photo. Privacy/public-use review required if family or personal imagery is shown. Classified from signed-in Facebook Photos archive by visual review.","Distinct visible photo; exact-duplicate validation pending.","1527B333350651ED2F3B09305CD9B540FBDF1F66EEB728E51667E4A07C5DFE54"
"FB-RAW-122127861891229345","FB-RAW-750976018_122127861891229345_7841794849086558196_n.jpg","06-equipment-closeups/FB-RAW-750976018_122127861891229345_7841794849086558196_n.jpg","06-equipment-closeups","JPEG","Not yet measured","Facebook Photos section, signed-in session","https://www.facebook.com/photo/?fbid=122127861891229345","Not displayed; collected 2026-08-12","Systematic raw Photos-section collection","Identity not yet reviewed","Unclassified","Unclassified","Not stated","Not yet rated","Raw business archive; future classification and suitability review","Authenticity type: original business-page photo. Privacy/public-use review required if family or personal imagery is shown. Classified from signed-in Facebook Photos archive by visual review.","Distinct visible photo; exact-duplicate validation pending.","B5721AC9BBE1CB6B402FF2734CA39DA639F69B415AE8848A1C1E2A73006B2F96"
"FB-RAW-122128392267229345","FB-RAW-752150915_122128392267229345_7228246309721677292_n.jpg","05-commercial-work/rooftop-units/FB-RAW-752150915_122128392267229345_7228246309721677292_n.jpg","05-commercial-work / rooftop-units","JPEG","Not yet measured","Facebook Photos section, signed-in session","https://www.facebook.com/photo/?fbid=122128392267229345","Not displayed; collected 2026-08-12","Systematic raw Photos-section collection","Identity not yet reviewed","Unclassified","Unclassified","Not stated","Not yet rated","Raw business archive; future classification and suitability review","Authenticity type: original business-page photo. Privacy/public-use review required if family or personal imagery is shown. Classified from signed-in Facebook Photos archive by visual review.","Distinct visible photo; exact-duplicate validation pending.","5BDDC528B3629428F4F30389AAF76534780A2F23736ECCA3401CAE6358FD1B61"
"FB-RAW-122128392303229345","FB-RAW-752488870_122128392303229345_6845344898632641496_n.jpg","06-equipment-closeups/FB-RAW-752488870_122128392303229345_6845344898632641496_n.jpg","06-equipment-closeups","JPEG","Not yet measured","Facebook Photos section, signed-in session","https://www.facebook.com/photo/?fbid=122128392303229345","Not displayed; collected 2026-08-12","Systematic raw Photos-section collection","Identity not yet reviewed","Unclassified","Unclassified","Not stated","Not yet rated","Raw business archive; future classification and suitability review","Authenticity type: original business-page photo. Privacy/public-use review required if family or personal imagery is shown. Classified from signed-in Facebook Photos archive by visual review.","Distinct visible photo; exact-duplicate validation pending.","7A0E235F301BE13B596F9D08DB6301664ABE9B9F04F8D2B9472E5D707A117641"
"FB-RAW-122128392333229345","FB-RAW-754278654_122128392333229345_4971087093040975291_n.jpg","06-equipment-closeups/FB-RAW-754278654_122128392333229345_4971087093040975291_n.jpg","06-equipment-closeups","JPEG","Not yet measured","Facebook Photos section, signed-in session","https://www.facebook.com/photo/?fbid=122128392333229345","Not displayed; collected 2026-08-12","Systematic raw Photos-section collection","Identity not yet reviewed","Unclassified","Unclassified","Not stated","Not yet rated","Raw business archive; future classification and suitability review","Authenticity type: original business-page photo. Privacy/public-use review required if family or personal imagery is shown. Classified from signed-in Facebook Photos archive by visual review.","Distinct visible photo; exact-duplicate validation pending.","1C48F3F2698D21E8BF6EECCAB847F2D87D9CE300E525C3EC6882CEE942A4A2D7"
"FB-RAW-122125338441229345","FB-RAW-728618776_122125338441229345_8603790106244485153_n.jpg","04-residential-work/maintenance/FB-RAW-728618776_122125338441229345_8603790106244485153_n.jpg","04-residential-work / maintenance","JPEG","Not yet measured","Facebook Photos section, signed-in session","https://www.facebook.com/photo/?fbid=122125338441229345","Not displayed; collected 2026-08-12","Systematic raw Photos-section collection","Identity not yet reviewed","Unclassified","Unclassified","Not stated","Not yet rated","Raw business archive; future classification and suitability review","Authenticity type: original business-page photo. Privacy/public-use review required if family or personal imagery is shown. Classified from signed-in Facebook Photos archive by visual review.","Distinct visible photo; exact-duplicate validation pending.","F2973687B0A407934032873B38496F01599078F07F1A684277AC7C2D15DB796F"
"FB-RAW-122125442949229345","FB-RAW-729047544_122125442949229345_5153649168592167467_n.jpg","04-residential-work/installations/FB-RAW-729047544_122125442949229345_5153649168592167467_n.jpg","04-residential-work / installations","JPEG","Not yet measured","Facebook Photos section, signed-in session","https://www.facebook.com/photo/?fbid=122125442949229345","Not displayed; collected 2026-08-12","Systematic raw Photos-section collection","Identity not yet reviewed","Unclassified","Unclassified","Not stated","Not yet rated","Raw business archive; future classification and suitability review","Authenticity type: original business-page photo. Privacy/public-use review required if family or personal imagery is shown. Classified from signed-in Facebook Photos archive by visual review.","Distinct visible photo; exact-duplicate validation pending.","2EFF290AA7E837E43B7D93021EDC88AC0C06796C1F3FD45A92B8D6DEC0D20A6F"
"FB-RAW-122125442985229345","FB-RAW-730354353_122125442985229345_549254885785609947_n.jpg","04-residential-work/installations/FB-RAW-730354353_122125442985229345_549254885785609947_n.jpg","04-residential-work / installations","JPEG","Not yet measured","Facebook Photos section, signed-in session","https://www.facebook.com/photo/?fbid=122125442985229345","Not displayed; collected 2026-08-12","Systematic raw Photos-section collection","Identity not yet reviewed","Unclassified","Unclassified","Not stated","Not yet rated","Raw business archive; future classification and suitability review","Authenticity type: original business-page photo. Privacy/public-use review required if family or personal imagery is shown. Classified from signed-in Facebook Photos archive by visual review.","Distinct visible photo; exact-duplicate validation pending.","C265ECD9F10A6A057B1E836FAD607C9FC2976ECAF0D6F662A657EEFAC1579D05"
"FB-RAW-122125442829229345","FB-RAW-730503787_122125442829229345_6831262557712949069_n.jpg","06-equipment-closeups/FB-RAW-730503787_122125442829229345_6831262557712949069_n.jpg","06-equipment-closeups","JPEG","Not yet measured","Facebook Photos section, signed-in session","https://www.facebook.com/photo/?fbid=122125442829229345","Not displayed; collected 2026-08-12","Systematic raw Photos-section collection","Identity not yet reviewed","Unclassified","Unclassified","Not stated","Not yet rated","Raw business archive; future classification and suitability review","Authenticity type: original business-page photo. Privacy/public-use review required if family or personal imagery is shown. Classified from signed-in Facebook Photos archive by visual review.","Distinct visible photo; exact-duplicate validation pending.","3C680D75F575BEAD1504D550AF3121AEFDAE21519638623BC124AE058F240C3A"
"FB-RAW-122125338417229345","FB-RAW-730608692_122125338417229345_3547249550383495254_n.jpg","04-residential-work/maintenance/FB-RAW-730608692_122125338417229345_3547249550383495254_n.jpg","04-residential-work / maintenance","JPEG","Not yet measured","Facebook Photos section, signed-in session","https://www.facebook.com/photo/?fbid=122125338417229345","Not displayed; collected 2026-08-12","Systematic raw Photos-section collection","Identity not yet reviewed","Unclassified","Unclassified","Not stated","Not yet rated","Raw business archive; future classification and suitability review","Authenticity type: original business-page photo. Privacy/public-use review required if family or personal imagery is shown. Classified from signed-in Facebook Photos archive by visual review.","Distinct visible photo; exact-duplicate validation pending.","389FC5487225B85587A04AC444B021F143A07E00F45591A8EDA68E0900D3E2AA"
"FB-RAW-122125442931229345","FB-RAW-730732214_122125442931229345_1143200372312250313_n.jpg","06-equipment-closeups/FB-RAW-730732214_122125442931229345_1143200372312250313_n.jpg","06-equipment-closeups","JPEG","Not yet measured","Facebook Photos section, signed-in session","https://www.facebook.com/photo/?fbid=122125442931229345","Not displayed; collected 2026-08-12","Systematic raw Photos-section collection","Identity not yet reviewed","Unclassified","Unclassified","Not stated","Not yet rated","Raw business archive; future classification and suitability review","Authenticity type: original business-page photo. Privacy/public-use review required if family or personal imagery is shown. Classified from signed-in Facebook Photos archive by visual review.","Distinct visible photo; exact-duplicate validation pending.","45E5F6B9FF70617003999E88FE3162C18EA0E9633BAC656B68E6FED005B25032"
"FB-RAW-122125442847229345","FB-RAW-730760297_122125442847229345_9011699365422497093_n.jpg","06-equipment-closeups/FB-RAW-730760297_122125442847229345_9011699365422497093_n.jpg","06-equipment-closeups","JPEG","Not yet measured","Facebook Photos section, signed-in session","https://www.facebook.com/photo/?fbid=122125442847229345","Not displayed; collected 2026-08-12","Systematic raw Photos-section collection","Identity not yet reviewed","Unclassified","Unclassified","Not stated","Not yet rated","Raw business archive; future classification and suitability review","Authenticity type: original business-page photo. Privacy/public-use review required if family or personal imagery is shown. Classified from signed-in Facebook Photos archive by visual review.","Distinct visible photo; exact-duplicate validation pending.","01E5050CDF2F2A672DD74AEAB9FE98E86DF813A9425B69A04DA983FBDB8DEBA7"
"FB-RAW-122125442961229345","FB-RAW-731031464_122125442961229345_9159608274540106421_n.jpg","04-residential-work/maintenance/FB-RAW-731031464_122125442961229345_9159608274540106421_n.jpg","04-residential-work / maintenance","JPEG","Not yet measured","Facebook Photos section, signed-in session","https://www.facebook.com/photo/?fbid=122125442961229345","Not displayed; collected 2026-08-12","Systematic raw Photos-section collection","Identity not yet reviewed","Unclassified","Unclassified","Not stated","Not yet rated","Raw business archive; future classification and suitability review","Authenticity type: original business-page photo. Privacy/public-use review required if family or personal imagery is shown. Classified from signed-in Facebook Photos archive by visual review.","Distinct visible photo; exact-duplicate validation pending.","E02AE81BE6EFB69E81E2A70D20E0FB9C72059E077723539FD88287B7C977CC8A"
"FB-RAW-122125915929229345","FB-RAW-731059204_122125915929229345_7788805402288607758_n.jpg","04-residential-work/maintenance/FB-RAW-731059204_122125915929229345_7788805402288607758_n.jpg","04-residential-work / maintenance","JPEG","Not yet measured","Facebook Photos section, signed-in session","https://www.facebook.com/photo/?fbid=122125915929229345","Not displayed; collected 2026-08-12","Systematic raw Photos-section collection","Identity not yet reviewed","Unclassified","Unclassified","Not stated","Not yet rated","Raw business archive; future classification and suitability review","Authenticity type: original business-page photo. Privacy/public-use review required if family or personal imagery is shown. Classified from signed-in Facebook Photos archive by visual review.","Distinct visible photo; exact-duplicate validation pending.","BF17C3BFAF0180C99764559DC2C23FA29F8AD4B4EC9664CD08951EBDF0A186AF"
"FB-RAW-122125915911229345","FB-RAW-731761538_122125915911229345_2074668827435941979_n.jpg","04-residential-work/maintenance/FB-RAW-731761538_122125915911229345_2074668827435941979_n.jpg","04-residential-work / maintenance","JPEG","Not yet measured","Facebook Photos section, signed-in session","https://www.facebook.com/photo/?fbid=122125915911229345","Not displayed; collected 2026-08-12","Systematic raw Photos-section collection","Identity not yet reviewed","Unclassified","Unclassified","Not stated","Not yet rated","Raw business archive; future classification and suitability review","Authenticity type: original business-page photo. Privacy/public-use review required if family or personal imagery is shown. Classified from signed-in Facebook Photos archive by visual review.","Distinct visible photo; exact-duplicate validation pending.","C89A6D8A43E007247F65B25B1F1F64D1EC1814A4B919FD5FD000A55FF76D986A"
"FB-RAW-122125812471229345","FB-RAW-732018886_122125812471229345_1292726898371123633_n.jpg","06-equipment-closeups/FB-RAW-732018886_122125812471229345_1292726898371123633_n.jpg","06-equipment-closeups","JPEG","Not yet measured","Facebook Photos section, signed-in session","https://www.facebook.com/photo/?fbid=122125812471229345","Not displayed; collected 2026-08-12","Systematic raw Photos-section collection","Identity not yet reviewed","Unclassified","Unclassified","Not stated","Not yet rated","Raw business archive; future classification and suitability review","Authenticity type: original business-page photo. Privacy/public-use review required if family or personal imagery is shown. Classified from signed-in Facebook Photos archive by visual review.","Distinct visible photo; exact-duplicate validation pending.","E3470ECF7B9DC890F84D531947365922903C7CAE4A7BC8DF0E02F4F3D6716479"
"FB-RAW-122125740363229345","FB-RAW-732871734_122125740363229345_8316869646620278104_n.jpg","06-equipment-closeups/FB-RAW-732871734_122125740363229345_8316869646620278104_n.jpg","06-equipment-closeups","JPEG","Not yet measured","Facebook Photos section, signed-in session","https://www.facebook.com/photo/?fbid=122125740363229345","Not displayed; collected 2026-08-12","Systematic raw Photos-section collection","Identity not yet reviewed","Unclassified","Unclassified","Not stated","Not yet rated","Raw business archive; future classification and suitability review","Authenticity type: original business-page photo. Privacy/public-use review required if family or personal imagery is shown. Classified from signed-in Facebook Photos archive by visual review.","Distinct visible photo; exact-duplicate validation pending.","2AA4FFA15BD0EA6605F7056D2B3E5BAB073E483686E0C9536DB2859B51D79337"
"FB-RAW-122125915899229345","FB-RAW-733747149_122125915899229345_6825846479929752911_n.jpg","06-equipment-closeups/FB-RAW-733747149_122125915899229345_6825846479929752911_n.jpg","06-equipment-closeups","JPEG","Not yet measured","Facebook Photos section, signed-in session","https://www.facebook.com/photo/?fbid=122125915899229345","Not displayed; collected 2026-08-12","Systematic raw Photos-section collection","Identity not yet reviewed","Unclassified","Unclassified","Not stated","Not yet rated","Raw business archive; future classification and suitability review","Authenticity type: original business-page photo. Privacy/public-use review required if family or personal imagery is shown. Classified from signed-in Facebook Photos archive by visual review.","Distinct visible photo; exact-duplicate validation pending.","F57D5CA649F173064BCE2CAACC6B9F3D4C1CCFA8099A4DA1E35CEA66F7065FE8"
"FB-RAW-122125915881229345","FB-RAW-734313961_122125915881229345_3166469285084877960_n.jpg","04-residential-work/maintenance/FB-RAW-734313961_122125915881229345_3166469285084877960_n.jpg","04-residential-work / maintenance","JPEG","Not yet measured","Facebook Photos section, signed-in session","https://www.facebook.com/photo/?fbid=122125915881229345","Not displayed; collected 2026-08-12","Systematic raw Photos-section collection","Identity not yet reviewed","Unclassified","Unclassified","Not stated","Not yet rated","Raw business archive; future classification and suitability review","Authenticity type: original business-page photo. Privacy/public-use review required if family or personal imagery is shown. Classified from signed-in Facebook Photos archive by visual review.","Distinct visible photo; exact-duplicate validation pending.","5DB05F06BE8B3AFDD30AC1DD53D656FB69384FBD6644FAFB1AADE94DC97C91EA"
"FB-RAW-122126238597229345","FB-RAW-734339555_122126238597229345_1884576828330907942_n.jpg","04-residential-work/installations/FB-RAW-734339555_122126238597229345_1884576828330907942_n.jpg","04-residential-work / installations","JPEG","Not yet measured","Facebook Photos section, signed-in session","https://www.facebook.com/photo/?fbid=122126238597229345","Not displayed; collected 2026-08-12","Systematic raw Photos-section collection","Identity not yet reviewed","Unclassified","Unclassified","Not stated","Not yet rated","Raw business archive; future classification and suitability review","Authenticity type: original business-page photo. Privacy/public-use review required if family or personal imagery is shown. Classified from signed-in Facebook Photos archive by visual review.","Distinct visible photo; exact-duplicate validation pending.","1AFD56B856F129D5D09E4DD147F1E83F8F0814A078935719D166E6222A722759"
"FB-RAW-122126238585229345","FB-RAW-735133877_122126238585229345_5832213243705392870_n.jpg","04-residential-work/maintenance/FB-RAW-735133877_122126238585229345_5832213243705392870_n.jpg","04-residential-work / maintenance","JPEG","Not yet measured","Facebook Photos section, signed-in session","https://www.facebook.com/photo/?fbid=122126238585229345","Not displayed; collected 2026-08-12","Systematic raw Photos-section collection","Identity not yet reviewed","Unclassified","Unclassified","Not stated","Not yet rated","Raw business archive; future classification and suitability review","Authenticity type: original business-page photo. Privacy/public-use review required if family or personal imagery is shown. Classified from signed-in Facebook Photos archive by visual review.","Distinct visible photo; exact-duplicate validation pending.","D69F14BF1C5B5D7B69DE7518C50D398B59ED7A6B3544E8484D2C5111684800D3"
"FB-RAW-122126238885229345","FB-RAW-735257502_122126238885229345_3031196356892957153_n.jpg","04-residential-work/maintenance/FB-RAW-735257502_122126238885229345_3031196356892957153_n.jpg","04-residential-work / maintenance","JPEG","Not yet measured","Facebook Photos section, signed-in session","https://www.facebook.com/photo/?fbid=122126238885229345","Not displayed; collected 2026-08-12","Systematic raw Photos-section collection","Identity not yet reviewed","Unclassified","Unclassified","Not stated","Not yet rated","Raw business archive; future classification and suitability review","Authenticity type: original business-page photo. Privacy/public-use review required if family or personal imagery is shown. Classified from signed-in Facebook Photos archive by visual review.","Distinct visible photo; exact-duplicate validation pending.","B90560432DA22F28B010FF8AC87DC1807AA11C46F453B2005CBB7180B3A4F8F2"
"FB-RAW-122126242125229345","FB-RAW-735430068_122126242125229345_1286704738646829894_n.jpg","09-social-graphics/reference-shared-content/FB-RAW-735430068_122126242125229345_1286704738646829894_n.jpg","09-social-graphics / reference-shared-content","JPEG","Not yet measured","Facebook Photos section, signed-in session","https://www.facebook.com/photo/?fbid=122126242125229345","Not displayed; collected 2026-08-12","Systematic raw Photos-section collection","Identity not yet reviewed","Unclassified","Unclassified","Not stated","Not yet rated","Raw business archive; future classification and suitability review","Authenticity type: original business-page photo. Privacy/public-use review required if family or personal imagery is shown. Classified from signed-in Facebook Photos archive by visual review.","Distinct visible photo; exact-duplicate validation pending.","0C5125F46584F5BA6AFD442880A0D6C9DC55E663E30F98227BE7FDACC9E43537"
"FB-RAW-122126425509229345","FB-RAW-735456838_122126425509229345_3422087237784865327_n.jpg","04-residential-work/installations/FB-RAW-735456838_122126425509229345_3422087237784865327_n.jpg","04-residential-work / installations","JPEG","Not yet measured","Facebook Photos section, signed-in session","https://www.facebook.com/photo/?fbid=122126425509229345","Not displayed; collected 2026-08-12","Systematic raw Photos-section collection","Identity not yet reviewed","Unclassified","Unclassified","Not stated","Not yet rated","Raw business archive; future classification and suitability review","Authenticity type: original business-page photo. Privacy/public-use review required if family or personal imagery is shown. Classified from signed-in Facebook Photos archive by visual review.","Distinct visible photo; exact-duplicate validation pending.","36C415101AE00129B8BDC92B4FBB9F4B37B81634DC0375388F172F3136BC9F5D"
"FB-RAW-122126425521229345","FB-RAW-735543783_122126425521229345_3726677794801908641_n.jpg","04-residential-work/maintenance/FB-RAW-735543783_122126425521229345_3726677794801908641_n.jpg","04-residential-work / maintenance","JPEG","Not yet measured","Facebook Photos section, signed-in session","https://www.facebook.com/photo/?fbid=122126425521229345","Not displayed; collected 2026-08-12","Systematic raw Photos-section collection","Identity not yet reviewed","Unclassified","Unclassified","Not stated","Not yet rated","Raw business archive; future classification and suitability review","Authenticity type: original business-page photo. Privacy/public-use review required if family or personal imagery is shown. Classified from signed-in Facebook Photos archive by visual review.","Distinct visible photo; exact-duplicate validation pending.","FA9782700F1CE2E94642357F41A408F962CACDE975A361E19FC47E47A552E410"
"FB-RAW-122126238609229345","FB-RAW-735897806_122126238609229345_6004243024191136427_n.jpg","04-residential-work/maintenance/FB-RAW-735897806_122126238609229345_6004243024191136427_n.jpg","04-residential-work / maintenance","JPEG","Not yet measured","Facebook Photos section, signed-in session","https://www.facebook.com/photo/?fbid=122126238609229345","Not displayed; collected 2026-08-12","Systematic raw Photos-section collection","Identity not yet reviewed","Unclassified","Unclassified","Not stated","Not yet rated","Raw business archive; future classification and suitability review","Authenticity type: original business-page photo. Privacy/public-use review required if family or personal imagery is shown. Classified from signed-in Facebook Photos archive by visual review.","Distinct visible photo; exact-duplicate validation pending.","D9510AA6EA41B63AE6667601B0C248D8FD3C2BA56A64BA8236C4255E2D8DB2C8"
"FB-RAW-122126425545229345","FB-RAW-736260750_122126425545229345_6593488646568305759_n.jpg","04-residential-work/maintenance/FB-RAW-736260750_122126425545229345_6593488646568305759_n.jpg","04-residential-work / maintenance","JPEG","Not yet measured","Facebook Photos section, signed-in session","https://www.facebook.com/photo/?fbid=122126425545229345","Not displayed; collected 2026-08-12","Systematic raw Photos-section collection","Identity not yet reviewed","Unclassified","Unclassified","Not stated","Not yet rated","Raw business archive; future classification and suitability review","Authenticity type: original business-page photo. Privacy/public-use review required if family or personal imagery is shown. Classified from signed-in Facebook Photos archive by visual review.","Distinct visible photo; exact-duplicate validation pending.","4DC7CA8A0B7E45F4F9DA9C432BAFBFEC61F47FFB5FF1D0E9258C5473C50E6DCD"
"FB-RAW-122126425533229345","FB-RAW-736384857_122126425533229345_1304306842326761781_n.jpg","04-residential-work/installations/FB-RAW-736384857_122126425533229345_1304306842326761781_n.jpg","04-residential-work / installations","JPEG","Not yet measured","Facebook Photos section, signed-in session","https://www.facebook.com/photo/?fbid=122126425533229345","Not displayed; collected 2026-08-12","Systematic raw Photos-section collection","Identity not yet reviewed","Unclassified","Unclassified","Not stated","Not yet rated","Raw business archive; future classification and suitability review","Authenticity type: original business-page photo. Privacy/public-use review required if family or personal ima…511 tokens truncated…6_122126488893229345_7119867160043743665_n.jpg Classified from signed-in Facebook Photos archive by visual review.","raw Facebook business-page photo — classification pending","JPEG"
"FB-RAW-122126588577229345","FB-RAW-739548394_122126588577229345_6808382364657856176_n.jpg","10-review-related/archive-reference/FB-RAW-739548394_122126588577229345_6808382364657856176_n.jpg","10-review-related / archive-reference","JPEG","Not yet measured","Facebook Photos section, signed-in session","https://www.facebook.com/photo/?fbid=122126588577229345","Not displayed; collected 2026-08-12","Systematic raw Photos-section collection","Identity not yet reviewed","Unclassified","Unclassified","Not stated","Not yet rated","Raw business archive; future classification and suitability review","Authenticity type: original business-page photo. Privacy/public-use review required if family or personal imagery is shown. Classified from signed-in Facebook Photos archive by visual review.","Distinct visible photo; exact-duplicate validation pending.","717A9DF98435EDD3CCF793332C3D2A143DC2B835F20CCB134C5B75239D8D2AF2"
"FB-RAW-122127031875229345","FB-RAW-741304809_122127031875229345_5202329612064537503_n.jpg","04-residential-work/installations/FB-RAW-741304809_122127031875229345_5202329612064537503_n.jpg","04-residential-work / installations","JPEG","Not yet measured","Facebook Photos section, signed-in session","https://www.facebook.com/photo/?fbid=122127031875229345","Not displayed; collected 2026-08-12","Systematic raw Photos-section collection","Identity not yet reviewed","Unclassified","Unclassified","Not stated","Not yet rated","Raw business archive; future classification and suitability review","Authenticity type: original business-page photo. Privacy/public-use review required if family or personal imagery is shown. Classified from signed-in Facebook Photos archive by visual review.","Distinct visible photo; exact-duplicate validation pending.","F7AD54198CC892D2B71EFEAE602C2E72580FCC2146377EAA472833A3FE07F825"
"FB-RAW-122127031887229345","FB-RAW-741510410_122127031887229345_2728445243762377061_n.jpg","04-residential-work/installations/FB-RAW-741510410_122127031887229345_2728445243762377061_n.jpg","04-residential-work / installations","JPEG","Not yet measured","Facebook Photos section, signed-in session","https://www.facebook.com/photo/?fbid=122127031887229345","Not displayed; collected 2026-08-12","Systematic raw Photos-section collection","Identity not yet reviewed","Unclassified","Unclassified","Not stated","Not yet rated","Raw business archive; future classification and suitability review","Authenticity type: original business-page photo. Privacy/public-use review required if family or personal imagery is shown. Classified from signed-in Facebook Photos archive by visual review.","Distinct visible photo; exact-duplicate validation pending.","D51A4A1023D8B4C1F1C5EEEC482F4B1AA5DE4ABB6FCF9CDE8577753C0FEC6632"
"FB-RAW-122127031863229345","FB-RAW-741606685_122127031863229345_4853612789857513970_n.jpg","04-residential-work/installations/FB-RAW-741606685_122127031863229345_4853612789857513970_n.jpg","04-residential-work / installations","JPEG","Not yet measured","Facebook Photos section, signed-in session","https://www.facebook.com/photo/?fbid=122127031863229345","Not displayed; collected 2026-08-12","Systematic raw Photos-section collection","Identity not yet reviewed","Unclassified","Unclassified","Not stated","Not yet rated","Raw business archive; future classification and suitability review","Authenticity type: original business-page photo. Privacy/public-use review required if family or personal imagery is shown. Classified from signed-in Facebook Photos archive by visual review.","Distinct visible photo; exact-duplicate validation pending.","87826E7F3A2BCFF39EAEFC767838FB2ABE6C1F0169524F0F6A1B08A77C1ECAA4"
"FB-RAW-122127046521229345","FB-RAW-741636376_122127046521229345_2287285652707371633_n.jpg","09-social-graphics/reference-shared-content/FB-RAW-741636376_122127046521229345_2287285652707371633_n.jpg","09-social-graphics / reference-shared-content","JPEG","Not yet measured","Facebook Photos section, signed-in session","https://www.facebook.com/photo/?fbid=122127046521229345","Not displayed; collected 2026-08-12","Systematic raw Photos-section collection","Identity not yet reviewed","Unclassified","Unclassified","Not stated","Not yet rated","Raw business archive; future classification and suitability review","Authenticity type: original business-page photo. Privacy/public-use review required if family or personal imagery is shown. Classified from signed-in Facebook Photos archive by visual review.","Distinct visible photo; exact-duplicate validation pending.","994C38DF6B21C0B364F0DC11D0B58FD39CF5F8FA495684D32C8A72819594E0C4"
"FB-RAW-122127101175229345","FB-RAW-742859098_122127101175229345_6485268980818881124_n.jpg","04-residential-work/mini-splits-heat-pumps/FB-RAW-742859098_122127101175229345_6485268980818881124_n.jpg","04-residential-work / mini-splits-heat-pumps","JPEG","Not yet measured","Facebook Photos section, signed-in session","https://www.facebook.com/photo/?fbid=122127101175229345","Not displayed; collected 2026-08-12","Systematic raw Photos-section collection","Identity not yet reviewed","Unclassified","Unclassified","Not stated","Not yet rated","Raw business archive; future classification and suitability review","Authenticity type: original business-page photo. Privacy/public-use review required if family or personal imagery is shown. Classified from signed-in Facebook Photos archive by visual review.","Distinct visible photo; exact-duplicate validation pending.","2AD53F3981EEE83EBB00B8111AFA7E153044D680C177628C250E1809FABFC7B7"
"FB-RAW-122127440193229345","FB-RAW-744662113_122127440193229345_1556468854042863530_n.jpg","09-social-graphics/reference-shared-content/FB-RAW-744662113_122127440193229345_1556468854042863530_n.jpg","09-social-graphics / reference-shared-content","JPEG","Not yet measured","Facebook Photos section, signed-in session","https://www.facebook.com/photo/?fbid=122127440193229345","Not displayed; collected 2026-08-12","Systematic raw Photos-section collection","Identity not yet reviewed","Unclassified","Unclassified","Not stated","Not yet rated","Raw business archive; future classification and suitability review","Authenticity type: original business-page photo. Privacy/public-use review required if family or personal imagery is shown. Classified from signed-in Facebook Photos archive by visual review.","Distinct visible photo; exact-duplicate validation pending.","8CBF7A00B53B8CD431B05F6908B6E2149F138422EB8E4EB1995DA37B03D3CA22"
"FB-RAW-122127431199229345","FB-RAW-744858729_122127431199229345_5879757355106884895_n.jpg","04-residential-work/maintenance/FB-RAW-744858729_122127431199229345_5879757355106884895_n.jpg","04-residential-work / maintenance","JPEG","Not yet measured","Facebook Photos section, signed-in session","https://www.facebook.com/photo/?fbid=122127431199229345","Not displayed; collected 2026-08-12","Systematic raw Photos-section collection","Identity not yet reviewed","Unclassified","Unclassified","Not stated","Not yet rated","Raw business archive; future classification and suitability review","Authenticity type: original business-page photo. Privacy/public-use review required if family or personal imagery is shown. Classified from signed-in Facebook Photos archive by visual review.","Distinct visible photo; exact-duplicate validation pending.","0C975D586BF6E5E02D6BDFA61FD040D70F44AC0A316C836162C2238E53F37496"
"FB-RAW-122127439971229345","FB-RAW-745686302_122127439971229345_6318739506933475889_n.jpg","09-social-graphics/reference-shared-content/FB-RAW-745686302_122127439971229345_6318739506933475889_n.jpg","09-social-graphics / reference-shared-content","JPEG","Not yet measured","Facebook Photos section, signed-in session","https://www.facebook.com/photo/?fbid=122127439971229345","Not displayed; collected 2026-08-12","Systematic raw Photos-section collection","Identity not yet reviewed","Unclassified","Unclassified","Not stated","Not yet rated","Raw business archive; future classification and suitability review","Authenticity type: original business-page photo. Privacy/public-use review required if family or personal imagery is shown. Classified from signed-in Facebook Photos archive by visual review.","Distinct visible photo; exact-duplicate validation pending.","AB986DC9D2DCF79D758BC0FE5684DF3C7105FBE19B677C6FCCD6F29E64025D09"
"FB-RAW-122127431223229345","FB-RAW-745686442_122127431223229345_1940787306659007499_n.jpg","04-residential-work/maintenance/FB-RAW-745686442_122127431223229345_1940787306659007499_n.jpg","04-residential-work / maintenance","JPEG","Not yet measured","Facebook Photos section, signed-in session","https://www.facebook.com/photo/?fbid=122127431223229345","Not displayed; collected 2026-08-12","Systematic raw Photos-section collection","Identity not yet reviewed","Unclassified","Unclassified","Not stated","Not yet rated","Raw business archive; future classification and suitability review","Authenticity type: original business-page photo. Privacy/public-use review required if family or personal imagery is shown. Classified from signed-in Facebook Photos archive by visual review.","Distinct visible photo; exact-duplicate validation pending.","08ED169F81B9D0C042F05267DD30F4333A8CB56F0AD0A08809C8A902664464EB"
"FB-RAW-122127431211229345","FB-RAW-745690224_122127431211229345_6850743491189696538_n.jpg","04-residential-work/installations/FB-RAW-745690224_122127431211229345_6850743491189696538_n.jpg","04-residential-work / installations","JPEG","Not yet measured","Facebook Photos section, signed-in session","https://www.facebook.com/photo/?fbid=122127431211229345","Not displayed; collected 2026-08-12","Systematic raw Photos-section collection","Identity not yet reviewed","Unclassified","Unclassified","Not stated","Not yet rated","Raw business archive; future classification and suitability review","Authenticity type: original business-page photo. Privacy/public-use review required if family or personal imagery is shown. Classified from signed-in Facebook Photos archive by visual review.","Distinct visible photo; exact-duplicate validation pending.","F97B296B935D45F73332A36B6182E55C2F62CBDCD96B9D22371EF63EDAC546F3"
"FB-RAW-122127431751229345","FB-RAW-745715546_122127431751229345_7689932173780727564_n.jpg","04-residential-work/maintenance/FB-RAW-745715546_122127431751229345_7689932173780727564_n.jpg","04-residential-work / maintenance","JPEG","Not yet measured","Facebook Photos section, signed-in session","https://www.facebook.com/photo/?fbid=122127431751229345","Not displayed; collected 2026-08-12","Systematic raw Photos-section collection","Identity not yet reviewed","Unclassified","Unclassified","Not stated","Not yet rated","Raw business archive; future classification and suitability review","Authenticity type: original business-page photo. Privacy/public-use review required if family or personal imagery is shown. Classified from signed-in Facebook Photos archive by visual review.","Distinct visible photo; exact-duplicate validation pending.","5B45CCD5B1AD12723DB15BA619601EF5CBCE3D29ED61D52C3E6C887C8510A713"
"FB-RAW-122127431781229345","FB-RAW-745981369_122127431781229345_3825957262975747896_n.jpg","04-residential-work/installations/FB-RAW-745981369_122127431781229345_3825957262975747896_n.jpg","04-residential-work / installations","JPEG","Not yet measured","Facebook Photos section, signed-in session","https://www.facebook.com/photo/?fbid=122127431781229345","Not displayed; collected 2026-08-12","Systematic raw Photos-section collection","Identity not yet reviewed","Unclassified","Unclassified","Not stated","Not yet rated","Raw business archive; future classification and suitability review","Authenticity type: original business-page photo. Privacy/public-use review required if family or personal imagery is shown. Classified from signed-in Facebook Photos archive by visual review.","Distinct visible photo; exact-duplicate validation pending.","6CBBA877A9E0C7C5D3DAEF0E4331B3AFDAC7605D647E1BB9B16544DF3B5729AF"
"FB-RAW-122127431763229345","FB-RAW-746073622_122127431763229345_5684496999758503290_n.jpg","04-residential-work/installations/FB-RAW-746073622_122127431763229345_5684496999758503290_n.jpg","04-residential-work / installations","JPEG","Not yet measured","Facebook Photos section, signed-in session","https://www.facebook.com/photo/?fbid=122127431763229345","Not displayed; collected 2026-08-12","Systematic raw Photos-section collection","Identity not yet reviewed","Unclassified","Unclassified","Not stated","Not yet rated","Raw business archive; future classification and suitability review","Authenticity type: original business-page photo. Privacy/public-use review required if family or personal imagery is shown. Classified from signed-in Facebook Photos archive by visual review.","Distinct visible photo; exact-duplicate validation pending.","00AC610C04B73209EC2D6BD29019B2CB39E188168D76F708226A17401C5BFEC9"
"FB-RAW-122127621453229345","FB-RAW-746842818_122127621453229345_126061435957846384_n.jpg","03-vehicles/FB-RAW-746842818_122127621453229345_126061435957846384_n.jpg","company vehicle / truck","JPEG","Not yet measured","Facebook Photos section, signed-in session","https://www.facebook.com/photo/?fbid=122127621453229345","Not displayed; collected 2026-08-12","Systematic raw Photos-section collection","No identifiable person required","General","Company vehicle / business presence","Not stated","Not yet rated","Later human review; do not treat as pre-approved final website selection.","Company vehicle shown; person identity not confirmed.","Distinct visible photo; exact-duplicate validation pending.","5B6E4E8EB81A62374F1DB45BA9B7620F2E275879A8C53DA8740395853E54BDD2"
"FB-RAW-122127518619229345","FB-RAW-746853459_122127518619229345_6731783480504585060_n.jpg","01-brand/branded-graphics/FB-RAW-746853459_122127518619229345_6731783480504585060_n.jpg","01-brand / branded-graphics","JPEG","Not yet measured","Facebook Photos section, signed-in session","https://www.facebook.com/photo/?fbid=122127518619229345","Not displayed; collected 2026-08-12","Systematic raw Photos-section collection","Identity not yet reviewed","Unclassified","Unclassified","Not stated","Not yet rated","Raw business archive; future classification and suitability review","Authenticity type: original business-page photo. Privacy/public-use review required if family or personal imagery is shown. Classified from signed-in Facebook Photos archive by visual review.","Distinct visible photo; exact-duplicate validation pending.","74ED36A86EC032B2F440F99A355361E544558E899E85208D720A2300A30EF55B"
"FB-RAW-122127440205229345","FB-RAW-747191166_122127440205229345_6535756548051561398_n.jpg","03-vehicles/FB-RAW-747191166_122127440205229345_6535756548051561398_n.jpg","03-vehicles","JPEG","Not yet measured","Facebook Photos section, signed-in session","https://www.facebook.com/photo/?fbid=122127440205229345","Not displayed; collected 2026-08-12","Systematic raw Photos-section collection","Identity not yet reviewed","Unclassified","Unclassified","Not stated","Not yet rated","Raw business archive; future classification and suitability review","Authenticity type: original business-page photo. Privacy/public-use review required if family or personal imagery is shown. Classified from signed-in Facebook Photos archive by visual review.","Distinct visible photo; exact-duplicate validation pending.","36C21D172564176E12667E414C3CC4C494C62E9A0A73B6877A5689F26B93EC89"
"FB-RAW-122127518643229345","FB-RAW-747744114_122127518643229345_1763440621646062666_n.jpg","02-team/family-business/FB-RAW-747744114_122127518643229345_1763440621646062666_n.jpg","02-team / family-business","JPEG","Not yet measured","Facebook Photos section, signed-in session","https://www.facebook.com/photo/?fbid=122127518643229345","Not displayed; collected 2026-08-12","Systematic raw Photos-section collection","Identity not yet reviewed","Unclassified","Unclassified","Not stated","Not yet rated","Raw business archive; future classification and suitability review","Authenticity type: original business-page photo. Privacy/public-use review required if family or personal imagery is shown. Classified from signed-in Facebook Photos archive by visual review.","Distinct visible photo; exact-duplicate validation pending.","73B90E302D57F4D1B632200C4BB6E21530FF5F0390BF0C45E0C30271BD3BCF52"
"FB-RAW-122127518655229345","FB-RAW-747771357_122127518655229345_2812981222031815449_n.jpg","02-team/technicians/FB-RAW-747771357_122127518655229345_2812981222031815449_n.jpg","02-team / technicians","JPEG","Not yet measured","Facebook Photos section, signed-in session","https://www.facebook.com/photo/?fbid=122127518655229345","Not displayed; collected 2026-08-12","Systematic raw Photos-section collection","Identity not yet reviewed","Unclassified","Unclassified","Not stated","Not yet rated","Raw business archive; future classification and suitability review","Authenticity type: original business-page photo. Privacy/public-use review required if family or personal imagery is shown. Classified from signed-in Facebook Photos archive by visual review.","Distinct visible photo; exact-duplicate validation pending.","989C10BD313C326D5D6DF9434DC0997D41C809F996E511487D4DFA74B95DB804"
"FB-RAW-122127861417229345","FB-RAW-748016293_122127861417229345_774183523174290885_n.jpg","04-residential-work/installations/FB-RAW-748016293_122127861417229345_774183523174290885_n.jpg","04-residential-work / installations","JPEG","Not yet measured","Facebook Photos section, signed-in session","https://www.facebook.com/photo/?fbid=122127861417229345","Not displayed; collected 2026-08-12","Systematic raw Photos-section collection","Identity not yet reviewed","Unclassified","Unclassified","Not stated","Not yet rated","Raw business archive; future classification and suitability review","Authenticity type: original business-page photo. Privacy/public-use review required if family or personal imagery is shown. Classified from signed-in Facebook Photos archive by visual review.","Distinct visible photo; exact-duplicate validation pending.","5F931780234D66B42E1A1AF949978F144C2361C9C9587CF5092E23EA847C8CA6"
"FB-RAW-122127621465229345","FB-RAW-748133927_122127621465229345_8641883904072856545_n.jpg","04-residential-work/installations/FB-RAW-748133927_122127621465229345_8641883904072856545_n.jpg","04-residential-work / installations","JPEG","Not yet measured","Facebook Photos section, signed-in session","https://www.facebook.com/photo/?fbid=122127621465229345","Not displayed; collected 2026-08-12","Systematic raw Photos-section collection","Identity not yet reviewed","Unclassified","Unclassified","Not stated","Not yet rated","Raw business archive; future classification and suitability review","Authenticity type: original business-page photo. Privacy/public-use review required if family or personal imagery is shown. Classified from signed-in Facebook Photos archive by visual review.","Distinct visible photo; exact-duplicate validation pending.","CBFBF5ECBA3FE14768BC2DE8F2DF8F59F2990179608152BDB2253AA1ADC2BA32"
"FB-RAW-122127861879229345","FB-RAW-751578503_122127861879229345_5759334882255337685_n.jpg","04-residential-work/mini-splits-heat-pumps/FB-RAW-751578503_122127861879229345_5759334882255337685_n.jpg","04-residential-work / mini-splits-heat-pumps","JPEG","Not yet measured","Facebook Photos section, signed-in session","https://www.facebook.com/photo/?fbid=122127861879229345","Not displayed; collected 2026-08-12","Systematic raw Photos-section collection","Identity not yet reviewed","Unclassified","Unclassified","Not stated","Not yet rated","Raw business archive; future classification and suitability review","Authenticity type: original business-page photo. Privacy/public-use review required if family or personal imagery is shown. Classified from signed-in Facebook Photos archive by visual review.","Distinct visible photo; exact-duplicate validation pending.","6EF932A2479EDC3C77E3477DB954F7E7C5F136AE1D0F22090A6C3D12AB13E7E0"
"FB-RAW-122123994243229345","FB-RAW-720087417_122123994243229345_3351984841036238615_n.jpg","02-team/technicians/FB-RAW-720087417_122123994243229345_3351984841036238615_n.jpg","02-team / technicians","JPEG","Not yet measured","Facebook Photos section, signed-in session","https://www.facebook.com/photo/?fbid=122123994243229345","Not displayed; collected 2026-08-12","Systematic raw Photos-section collection","Identity not yet reviewed","Unclassified","Unclassified","Not stated","Not yet rated","Raw business archive; future classification and suitability review","Authenticity type: original business-page photo. Privacy/public-use review required if family or personal imagery is shown. Classified from signed-in Facebook Photos archive by visual review.","Distinct visible photo; exact-duplicate validation pending.","AA13B46461F7ADE53B9D6337C0DE69159075410303E336F1E9356B6F8C8320BA"
"FB-RAW-122123991723229345","FB-RAW-721010791_122123991723229345_467552278213638606_n.jpg","04-residential-work/installations/FB-RAW-721010791_122123991723229345_467552278213638606_n.jpg","04-residential-work / installations","JPEG","Not yet measured","Facebook Photos section, signed-in session","https://www.facebook.com/photo/?fbid=122123991723229345","Not displayed; collected 2026-08-12","Systematic raw Photos-section collection","Identity not yet reviewed","Unclassified","Unclassified","Not stated","Not yet rated","Raw business archive; future classification and suitability review","Authenticity type: original business-page photo. Privacy/public-use review required if family or personal imagery is shown. Classified from signed-in Facebook Photos archive by visual review.","Distinct visible photo; exact-duplicate validation pending.","2B0BF6D3D0FED1F3491B5BE303D6CB13F7FB777623AA71C724F67303B8CFD814"
"FB-RAW-122123994231229345","FB-RAW-721082931_122123994231229345_5675765988009234933_n.jpg","04-residential-work/installations/FB-RAW-721082931_122123994231229345_5675765988009234933_n.jpg","04-residential-work / installations","JPEG","Not yet measured","Facebook Photos section, signed-in session","https://www.facebook.com/photo/?fbid=122123994231229345","Not displayed; collected 2026-08-12","Systematic raw Photos-section collection","Identity not yet reviewed","Unclassified","Unclassified","Not stated","Not yet rated","Raw business archive; future classification and suitability review","Authenticity type: original business-page photo. Privacy/public-use review required if family or personal imagery is shown. Classified from signed-in Facebook Photos archive by visual review.","Distinct visible photo; exact-duplicate validation pending.","E7300AF005C1220E02D9BAF2E1B4C043F442C0990D60A64B52A5ADFF3EAF1BF0"
"FB-RAW-122123994669229345","FB-RAW-721517408_122123994669229345_8505047861885059885_n.jpg","04-residential-work/installations/FB-RAW-721517408_122123994669229345_8505047861885059885_n.jpg","04-residential-work / installations","JPEG","Not yet measured","Facebook Photos section, signed-in session","https://www.facebook.com/photo/?fbid=122123994669229345","Not displayed; collected 2026-08-12","Systematic raw Photos-section collection","Identity not yet reviewed","Unclassified","Unclassified","Not stated","Not yet rated","Raw business archive; future classification and suitability review","Authenticity type: original business-page photo. Privacy/public-use review required if family or personal imagery is shown. Classified from signed-in Facebook Photos archive by visual review.","Distinct visible photo; exact-duplicate validation pending.","1C434B60AB23A6A670F8B8A0B2AEF9CAE1CA7BC6B73E90FF02E202652248597C"
"FB-RAW-122123994657229345","FB-RAW-721625407_122123994657229345_3562050824824293198_n.jpg","04-residential-work/installations/FB-RAW-721625407_122123994657229345_3562050824824293198_n.jpg","04-residential-work / installations","JPEG","Not yet measured","Facebook Photos section, signed-in session","https://www.facebook.com/photo/?fbid=122123994657229345","Not displayed; collected 2026-08-12","Systematic raw Photos-section collection","Identity not yet reviewed","Unclassified","Unclassified","Not stated","Not yet rated","Raw business archive; future classification and suitability review","Authenticity type: original business-page photo. Privacy/public-use review required if family or personal imagery is shown. Classified from signed-in Facebook Photos archive by visual review.","Distinct visible photo; exact-duplicate validation pending.","2C0CC4D369C174FC13277138462121A9DBA2942598676D3A10F48C955721AE43"
"FB-RAW-122123994687229345","FB-RAW-721819694_122123994687229345_1460449961578836258_n.jpg","04-residential-work/installations/FB-RAW-721819694_122123994687229345_1460449961578836258_n.jpg","04-residential-work / installations","JPEG","Not yet measured","Facebook Photos section, signed-in session","https://www.facebook.com/photo/?fbid=122123994687229345","Not displayed; collected 2026-08-12","Systematic raw Photos-section collection","Identity not yet reviewed","Unclassified","Unclassified","Not stated","Not yet rated","Raw business archive; future classification and suitability review","Authenticity type: original business-page photo. Privacy/public-use review required if family or personal imagery is shown. Classified from signed-in Facebook Photos archive by visual review.","Distinct visible photo; exact-duplicate validation pending.","DA7E4DBC03EC276371AD88F8BF9EF8D6B9388AB4F5A0602634E630EF0C8DA5BE"
"FB-RAW-122124267357229345","FB-RAW-723230254_122124267357229345_1518712640375222530_n.jpg","02-team/family-business/FB-RAW-723230254_122124267357229345_1518712640375222530_n.jpg","02-team / family-business","JPEG","Not yet measured","Facebook Photos section, signed-in session","https://www.facebook.com/photo/?fbid=122124267357229345","Not displayed; collected 2026-08-12","Systematic raw Photos-section collection","Identity not yet reviewed","Unclassified","Unclassified","Not stated","Not yet rated","Raw business archive; future classification and suitability review","Authenticity type: original business-page photo. Privacy/public-use review required if family or personal imagery is shown. Classified from signed-in Facebook Photos archive by visual review.","Distinct visible photo; exact-duplicate validation pending.","B096C50C64AFAF32A0E91AB490BC30C5734BB580861647F19135889FADD7BB83"
"FB-RAW-122124265965229345","FB-RAW-724025522_122124265965229345_8477362988255952994_n.jpg","02-team/technicians/FB-RAW-724025522_122124265965229345_8477362988255952994_n.jpg","02-team / technicians","JPEG","Not yet measured","Facebook Photos section, signed-in session","https://www.facebook.com/photo/?fbid=122124265965229345","Not displayed; collected 2026-08-12","Systematic raw Photos-section collection","Identity not yet reviewed","Unclassified","Unclassified","Not stated","Not yet rated","Raw business archive; future classification and suitability review","Authenticity type: original business-page photo. Privacy/public-use review required if family or personal imagery is shown. Classified from signed-in Facebook Photos archive by visual review.","Distinct visible photo; exact-duplicate validation pending.","B25791D7FBEB56A0545FA797DA3ECA775EB574104BCC7FB6B0B390358F635FAC"
"FB-RAW-122125030935229345","FB-RAW-724033960_122125030935229345_8377247805217612494_n.jpg","04-residential-work/installations/FB-RAW-724033960_122125030935229345_8377247805217612494_n.jpg","04-residential-work / installations","JPEG","Not yet measured","Facebook Photos section, signed-in session","https://www.facebook.com/photo/?fbid=122125030935229345","Not displayed; collected 2026-08-12","Systematic raw Photos-section collection","Identity not yet reviewed","Unclassified","Unclassified","Not stated","Not yet rated","Raw business archive; future classification and suitability review","Authenticity type: original business-page photo. Privacy/public-use review required if family or personal imagery is shown. Classified from signed-in Facebook Photos archive by visual review.","Distinct visible photo; exact-duplicate validation pending.","F3A2A19C0287DC5BA85F3A5FB1F160B547FFF1FD6134781BA6EF1F077E07B17D"
"FB-RAW-122125030893229345","FB-RAW-725005678_122125030893229345_5656807627113186426_n.jpg","04-residential-work/installations/FB-RAW-725005678_122125030893229345_5656807627113186426_n.jpg","04-residential-work / installations","JPEG","Not yet measured","Facebook Photos section, signed-in session","https://www.facebook.com/photo/?fbid=122125030893229345","Not displayed; collected 2026-08-12","Systematic raw Photos-section collection","Identity not yet reviewed","Unclassified","Unclassified","Not stated","Not yet rated","Raw business archive; future classification and suitability review","Authenticity type: original business-page photo. Privacy/public-use review required if family or personal imagery is shown. Classified from signed-in Facebook Photos archive by visual review.","Distinct visible photo; exact-duplicate validation pending.","52D75D1BAD02CC47D9EB5DA6BEF6D70B48DD6EBE96A881B2BC947F40D1CE300C"
"FB-RAW-122125030911229345","FB-RAW-727449552_122125030911229345_4145603089089554359_n.jpg","04-residential-work/installations/FB-RAW-727449552_122125030911229345_4145603089089554359_n.jpg","04-residential-work / installations","JPEG","Not yet measured","Facebook Photos section, signed-in session","https://www.facebook.com/photo/?fbid=122125030911229345","Not displayed; collected 2026-08-12","Systematic raw Photos-section collection","Identity not yet reviewed","Unclassified","Unclassified","Not stated","Not yet rated","Raw business archive; future classification and suitability review","Authenticity type: original business-page photo. Privacy/public-use review required if family or personal imagery is shown. Classified from signed-in Facebook Photos archive by visual review.","Distinct visible photo; exact-duplicate validation pending.","8C768A32B5A0449B80BBCE4EEB25289AD695DDFC533E911593291F1554251D93"
"FB-RAW-122125030923229345","FB-RAW-727671491_122125030923229345_1512481515453595988_n.jpg","04-residential-work/installations/FB-RAW-727671491_122125030923229345_1512481515453595988_n.jpg","04-residential-work / installations","JPEG","Not yet measured","Facebook Photos section, signed-in session","https://www.facebook.com/photo/?fbid=122125030923229345","Not displayed; collected 2026-08-12","Systematic raw Photos-section collection","Identity not yet reviewed","Unclassified","Unclassified","Not stated","Not yet rated","Raw business archive; future classification and suitability review","Authenticity type: original business-page photo. Privacy/public-use review required if family or personal imagery is shown. Classified from signed-in Facebook Photos archive by visual review.","Distinct visible photo; exact-duplicate validation pending.","C333A3322E43BABF964E4B319BD8CE9A38A2BAA0F70A7328EE09FC5AE4B1103A"
"FB-RAW-122126238621229345","FB-RAW-736493840_122126238621229345_2998118576011494272_n.jpg","04-residential-work/installations/FB-RAW-736493840_122126238621229345_2998118576011494272_n.jpg","04-residential-work / installations","JPEG","Not yet measured","Facebook Photos section, signed-in session","https://www.facebook.com/photo/?fbid=122126238621229345","Not displayed; collected 2026-08-12","Systematic raw Photos-section collection","Identity not yet reviewed","Unclassified","Unclassified","Not stated","Not yet rated","Raw business archive; future classification and suitability review","Authenticity type: original business-page photo. Privacy/public-use review required if family or personal imagery is shown. Classified from signed-in Facebook Photos archive by visual review.","Distinct visible photo; exact-duplicate validation pending.","5B95BF8EBA80A3FDE1FBD9A1D5DD210D7472930D79ACA480FC0060B08A0C467E"
"FB-RAW-122126517723229345","FB-RAW-737561318_122126517723229345_3069180800840038293_n.jpg","03-vehicles/FB-RAW-737561318_122126517723229345_3069180800840038293_n.jpg","company vehicle / truck","JPEG","Not yet measured","Facebook Photos section, signed-in session","https://www.facebook.com/photo/?fbid=122126517723229345","Not displayed; collected 2026-08-12","Systematic raw Photos-section collection","No identifiable person required","General","Company vehicle / business presence","Not stated","Not yet rated","Later human review; do not treat as pre-approved final website selection.","Branded company vehicle / promotional business graphic; review authenticity of graphic treatment.","Distinct visible photo; exact-duplicate validation pending.","57DDEAF54EC1AD24999B7803818034C568661DBBE029AF18D26DD0A2C6865B36"
"FB-RAW-122126488893229345","FB-RAW-738235956_122126488893229345_7119867160043743665_n.jpg","04-residential-work/installations/FB-RAW-738235956_122126488893229345_7119867160043743665_n.jpg","04-residential-work / installations","JPEG","Not yet measured","Facebook Photos section, signed-in session","https://www.facebook.com/photo/?fbid=122126488893229345","Not displayed; collected 2026-08-12","Systematic raw Photos-section collection","Identity not yet reviewed","Unclassified","Unclassified","Not stated","Not yet rated","Raw business archive; future classification and suitability review","Authenticity type: original business-page photo. Privacy/public-use review required if family or personal imagery is shown. Classified from signed-in Facebook Photos archive by visual review.","Distinct visible photo; exact-duplicate validation pending.","57B31FD1FA67337BD522401AAAE9083D0DB52899B48E4715ACEBF61665D70CA3"
"FB-RAW-122116166553229345","FB-RAW-665932362_122116166553229345_7500001743240236131_n.jpg","04-residential-work/installations/FB-RAW-665932362_122116166553229345_7500001743240236131_n.jpg","04-residential-work / installations","JPEG","Not yet measured","Facebook Photos section, signed-in session","https://www.facebook.com/photo/?fbid=122116166553229345","Not displayed; collected 2026-08-12","Systematic raw Photos-section collection","Identity not yet reviewed","Unclassified","Unclassified","Not stated","Not yet rated","Raw business archive; future classification and suitability review","Authenticity type: original business-page photo. Privacy/public-use review required if family or personal imagery is shown. Classified from signed-in Facebook Photos archive by visual review.","Distinct visible photo; exact-duplicate validation pending.","626128D6A02F462E1368DC99E5BF182BB2D49A2423FDBB6016929CAAF45DA611"
"FB-RAW-122116166589229345","FB-RAW-666513090_122116166589229345_87050917751103395_n.jpg","04-residential-work/maintenance/FB-RAW-666513090_122116166589229345_87050917751103395_n.jpg","04-residential-work / maintenance","JPEG","Not yet measured","Facebook Photos section, signed-in session","https://www.facebook.com/photo/?fbid=122116166589229345","Not displayed; collected 2026-08-12","Systematic raw Photos-section collection","Identity not yet reviewed","Unclassified","Unclassified","Not stated","Not yet rated","Raw business archive; future classification and suitability review","Authenticity type: original business-page photo. Privacy/public-use review required if family or personal imagery is shown. Classified from signed-in Facebook Photos archive by visual review.","Distinct visible photo; exact-duplicate validation pending.","27724EE4A89FF642B6D3D840A23273481682DAB155BEFB050387BB2090CD34D1"
"FB-RAW-122116166607229345","FB-RAW-666518583_122116166607229345_4776820328500108139_n.jpg","04-residential-work/installations/FB-RAW-666518583_122116166607229345_4776820328500108139_n.jpg","04-residential-work / installations","JPEG","Not yet measured","Facebook Photos section, signed-in session","https://www.facebook.com/photo/?fbid=122116166607229345","Not displayed; collected 2026-08-12","Systematic raw Photos-section collection","Identity not yet reviewed","Unclassified","Unclassified","Not stated","Not yet rated","Raw business archive; future classification and suitability review","Authenticity type: original business-page photo. Privacy/public-use review required if family or personal imagery is shown. Classified from signed-in Facebook Photos archive by visual review.","Distinct visible photo; exact-duplicate validation pending.","1D84AF34BD77C58E095BA28BB9F75BA88F1A0314B08DBFCE27AEDC51B7230F79"
"FB-RAW-122116928865229345","FB-RAW-669346963_122116928865229345_377789451909863315_n.jpg","04-residential-work/maintenance/FB-RAW-669346963_122116928865229345_377789451909863315_n.jpg","04-residential-work / maintenance","JPEG","Not yet measured","Facebook Photos section, signed-in session","https://www.facebook.com/photo/?fbid=122116928865229345","Not displayed; collected 2026-08-12","Systematic raw Photos-section collection","Identity not yet reviewed","Unclassified","Unclassified","Not stated","Not yet rated","Raw business archive; future classification and suitability review","Authenticity type: original business-page photo. Privacy/public-use review required if family or personal imagery is shown. Classified from signed-in Facebook Photos archive by visual review.","Distinct visible photo; exact-duplicate validation pending.","C70A79892F019B118DD9AA3DD28C4D12F61872FA6A4E5DECCC61114E78B680DF"
"FB-RAW-122116928847229345","FB-RAW-669507604_122116928847229345_3513848149741574997_n.jpg","04-residential-work/installations/FB-RAW-669507604_122116928847229345_3513848149741574997_n.jpg","04-residential-work / installations","JPEG","Not yet measured","Facebook Photos section, signed-in session","https://www.facebook.com/photo/?fbid=122116928847229345","Not displayed; collected 2026-08-12","Systematic raw Photos-section collection","Identity not yet reviewed","Unclassified","Unclassified","Not stated","Not yet rated","Raw business archive; future classification and suitability review","Authenticity type: original business-page photo. Privacy/public-use review required if family or personal imagery is shown. Classified from signed-in Facebook Photos archive by visual review.","Distinct visible photo; exact-duplicate validation pending.","F10059A88D5EF0EE54A3A80622A2EA93F7390D0637E66937BEB8A959DA809E3E"
"FB-RAW-122116928853229345","FB-RAW-669535546_122116928853229345_3581472793234640892_n.jpg","04-residential-work/installations/FB-RAW-669535546_122116928853229345_3581472793234640892_n.jpg","04-residential-work / installations","JPEG","Not yet measured","Facebook Photos section, signed-in session","https://www.facebook.com/photo/?fbid=122116928853229345","Not displayed; collected 2026-08-12","Systematic raw Photos-section collection","Identity not yet reviewed","Unclassified","Unclassified","Not stated","Not yet rated","Raw business archive; future classification and suitability review","Authenticity type: original business-page photo. Privacy/public-use review required if family or personal imagery is shown. Classified from signed-in Facebook Photos archive by visual review.","Distinct visible photo; exact-duplicate validation pending.","8992F346EC1B664EBADA02BB65DCF7A60799BDBFA1B133AC926545AC710F104B"
"FB-RAW-122116928823229345","FB-RAW-669569458_122116928823229345_6193790927073100834_n.jpg","04-residential-work/maintenance/FB-RAW-669569458_122116928823229345_6193790927073100834_n.jpg","04-residential-work / maintenance","JPEG","Not yet measured","Facebook Photos section, signed-in session","https://www.facebook.com/photo/?fbid=122116928823229345","Not displayed; collected 2026-08-12","Systematic raw Photos-section collection","Identity not yet reviewed","Unclassified","Unclassified","Not stated","Not yet rated","Raw business archive; future classification and suitability review","Authenticity type: original business-page photo. Privacy/public-use review required if family or personal imagery is shown. Classified from signed-in Facebook Photos archive by visual review.","Distinct visible photo; exact-duplicate validation pending.","F66DD446644E33AF62A58625D93AD32B7D616C9E0A228FCFED6D86F7F8939764"
"FB-RAW-122117366277229345","FB-RAW-670582502_122117366277229345_1392165587227760741_n.jpg","09-social-graphics/reference-shared-content/FB-RAW-670582502_122117366277229345_1392165587227760741_n.jpg","09-social-graphics / reference-shared-content","JPEG","Not yet measured","Facebook Photos section, signed-in session","https://www.facebook.com/photo/?fbid=122117366277229345","Not displayed; collected 2026-08-12","Systematic raw Photos-section collection","Identity not yet reviewed","Unclassified","Unclassified","Not stated","Not yet rated","Raw business archive; future classification and suitability review","Authenticity type: original business-page photo. Privacy/public-use review required if family or personal imagery is shown. Classified from signed-in Facebook Photos archive by visual review.","Distinct visible photo; exact-duplicate validation pending.","F97D3E26BD9EFC8EEF85FAEA4C3E770D6AF41B49DE778B169217345AC6708DFA"
"FB-RAW-122116928817229345","FB-RAW-671149043_122116928817229345_4753346319326476488_n.jpg","04-residential-work/maintenance/FB-RAW-671149043_122116928817229345_4753346319326476488_n.jpg","04-residential-work / maintenance","JPEG","Not yet measured","Facebook Photos section, signed-in session","https://www.facebook.com/photo/?fbid=122116928817229345","Not displayed; collected 2026-08-12","Systematic raw Photos-section collection","Identity not yet reviewed","Unclassified","Unclassified","Not stated","Not yet rated","Raw business archive; future classification and suitability review","Authenticity type: original business-page photo. Privacy/public-use review required if family or personal imagery is shown. Classified from signed-in Facebook Photos archive by visual review.","Distinct visible photo; exact-duplicate validation pending.","2A563DC1AEB46A66E9729377A047EADC5F85A9248C3B1515FAFF6AA5C9901415"
"FB-RAW-122117194227229345","FB-RAW-671311876_122117194227229345_1198291478044402244_n.jpg","02-team/family-business/FB-RAW-671311876_122117194227229345_1198291478044402244_n.jpg","02-team / family-business","JPEG","Not yet measured","Facebook Photos section, signed-in session","https://www.facebook.com/photo/?fbid=122117194227229345","Not displayed; collected 2026-08-12","Systematic raw Photos-section collection","Identity not yet reviewed","Unclassified","Unclassified","Not stated","Not yet rated","Raw business archive; future classification and suitability review","Authenticity type: original business-page photo. Privacy/public-use review required if family or personal imagery is shown. Classified from signed-in Facebook Photos archive by visual review.","Distinct visible photo; exact-duplicate validation pending.","5956A94A364D480D8875D4044B4422F1F4F67BC9D9DE03223D96F95BC352B84F"
"FB-RAW-122117799573229345","FB-RAW-672683921_122117799573229345_4677844472261504095_n.jpg","02-team/family-business/FB-RAW-672683921_122117799573229345_4677844472261504095_n.jpg","02-team / family-business","JPEG","Not yet measured","Facebook Photos section, signed-in session","https://www.facebook.com/photo/?fbid=122117799573229345","Not displayed; collected 2026-08-12","Systematic raw Photos-section collection","Identity not yet reviewed","Unclassified","Unclassified","Not stated","Not yet rated","Raw business archive; future classification and suitability review","Authenticity type: original business-page photo. Privacy/public-use review required if family or personal imagery is shown. Classified from signed-in Facebook Photos archive by visual review.","Distinct visible photo; exact-duplicate validation pending.","BF3F979CE9F2F1D78E7DE2AAD579AEC017C239801CBCAC09882001CA8F5A64B9"
"FB-RAW-122118899019229345","FB-RAW-679168721_122118899019229345_6823407324154527599_n.jpg","02-team/technicians/FB-RAW-679168721_122118899019229345_6823407324154527599_n.jpg","02-team / technicians","JPEG","Not yet measured","Facebook Photos section, signed-in session","https://www.facebook.com/photo/?fbid=122118899019229345","Not displayed; collected 2026-08-12","Systematic raw Photos-section collection","Identity not yet reviewed","Unclassified","Unclassified","Not stated","Not yet rated","Raw business archive; future classification and suitability review","Authenticity type: original business-page photo. Privacy/public-use review required if family or personal imagery is shown. Classified from signed-in Facebook Photos archive by visual review.","Distinct visible photo; exact-duplicate validation pending.","F9C7F959BE774AEA5DB90375775BA27CF6226964B6EC860B1DDC1DF9A46149C7"
"FB-RAW-122118899067229345","FB-RAW-680003215_122118899067229345_6626254267270650592_n.jpg","02-team/technicians/FB-RAW-680003215_122118899067229345_6626254267270650592_n.jpg","02-team / technicians","JPEG","Not yet measured","Facebook Photos section, signed-in session","https://www.facebook.com/photo/?fbid=122118899067229345","Not displayed; collected 2026-08-12","Systematic raw Photos-section collection","Identity not yet reviewed","Unclassified","Unclassified","Not stated","Not yet rated","Raw business archive; future classification and suitability review","Authenticity type: original business-page photo. Privacy/public-use review required if family or personal imagery is shown. Classified from signed-in Facebook Photos archive by visual review.","Distinct visible photo; exact-duplicate validation pending.","81A646E81FCD379A411F24833D052303FB4D1E29E48C2F2F18D438ACAFE67773"
"FB-RAW-122118899055229345","FB-RAW-680283989_122118899055229345_7470616731783203105_n.jpg","02-team/family-business/FB-RAW-680283989_122118899055229345_7470616731783203105_n.jpg","02-team / family-business","JPEG","Not yet measured","Facebook Photos section, signed-in session","https://www.facebook.com/photo/?fbid=122118899055229345","Not displayed; collected 2026-08-12","Systematic raw Photos-section collection","Identity not yet reviewed","Unclassified","Unclassified","Not stated","Not yet rated","Raw business archive; future classification and suitability review","Authenticity type: original business-page photo. Privacy/public-use review required if family or personal imagery is shown. Classified from signed-in Facebook Photos archive by visual review.","Distinct visible photo; exact-duplicate validation pending.","7228A803998115B78D7A97B3692DB5276D83817EE5B2990D5E33E2CB1564DBFE"
"FB-RAW-122118899043229345","FB-RAW-681227839_122118899043229345_6990207519126769790_n.jpg","04-residential-work/installations/FB-RAW-681227839_122118899043229345_6990207519126769790_n.jpg","04-residential-work / installations","JPEG","Not yet measured","Facebook Photos section, signed-in session","https://www.facebook.com/photo/?fbid=122118899043229345","Not displayed; collected 2026-08-12","Systematic raw Photos-section collection","Identity not yet reviewed","Unclassified","Unclassified","Not stated","Not yet rated","Raw business archive; future classification and suitability review","Authenticity type: original business-page photo. Privacy/public-use review required if family or personal imagery is shown. Classified from signed-in Facebook Photos archive by visual review.","Distinct visible photo; exact-duplicate validation pending.","55BA63B1D3B6CBDCF4D5D105290059676C791E10C7AD1EA5F2DC19851F54A91E"
"FB-RAW-122118899031229345","FB-RAW-681245194_122118899031229345_2726152902657106981_n.jpg","04-residential-work/installations/FB-RAW-681245194_122118899031229345_2726152902657106981_n.jpg","04-residential-work / installations","JPEG","Not yet measured","Facebook Photos section, signed-in session","https://www.facebook.com/photo/?fbid=122118899031229345","Not displayed; collected 2026-08-12","Systematic raw Photos-section collection","Identity not yet reviewed","Unclassified","Unclassified","Not stated","Not yet rated","Raw business archive; future classification and suitability review","Authenticity type: original business-page photo. Privacy/public-use review required if family or personal imagery is shown. Classified from signed-in Facebook Photos archive by visual review.","Distinct visible photo; exact-duplicate validation pending.","3F03674211CE7E638B143A2FDD55B1F4C7039DABF478F35FD9D73865906ECD46"
"FB-RAW-122119218369229345","FB-RAW-685958332_122119218369229345_8609110345168689431_n.jpg","06-equipment-closeups/FB-RAW-685958332_122119218369229345_8609110345168689431_n.jpg","06-equipment-closeups","JPEG","Not yet measured","Facebook Photos section, signed-in session","https://www.facebook.com/photo/?fbid=122119218369229345","Not displayed; collected 2026-08-12","Systematic raw Photos-section collection","Identity not yet reviewed","Unclassified","Unclassified","Not stated","Not yet rated","Raw business archive; future classification and suitability review","Authenticity type: original business-page photo. Privacy/public-use review required if family or personal imagery is shown. Classified from signed-in Facebook Photos archive by visual review.","Distinct visible photo; exact-duplicate validation pending.","1F7FA93D3BC96FD393DFAF919EE93963BCF37E60303D6657AC6F46B8780E0AFC"
"FB-RAW-122119218327229345","FB-RAW-686188049_122119218327229345_7391686118521149561_n.jpg","02-team/family-business/FB-RAW-686188049_122119218327229345_7391686118521149561_n.jpg","02-team / family-business","JPEG","Not yet measured","Facebook Photos section, signed-in session","https://www.facebook.com/photo/?fbid=122119218327229345","Not displayed; collected 2026-08-12","Systematic raw Photos-section collection","Identity not yet reviewed","Unclassified","Unclassified","Not stated","Not yet rated","Raw business archive; future classification and suitability review","Authenticity type: original business-page photo. Privacy/public-use review required if family or personal imagery is shown. Classified from signed-in Facebook Photos archive by visual review.","Distinct visible photo; exact-duplicate validation pending.","67A567BA5A94660BD23505380066086C919101282F343EAC27F1A448C0FB50A0"
"FB-RAW-122119218315229345","FB-RAW-686609197_122119218315229345_2393775227450029415_n.jpg","02-team/family-business/FB-RAW-686609197_122119218315229345_2393775227450029415_n.jpg","02-team / family-business","JPEG","Not yet measured","Facebook Photos section, signed-in session","https://www.facebook.com/photo/?fbid=122119218315229345","Not displayed; collected 2026-08-12","Systematic raw Photos-section collection","Identity not yet reviewed","Unclassified","Unclassified","Not stated","Not yet rated","Raw business archive; future classification and suitability review","Authenticity type: original business-page photo. Privacy/public-use review required if family or personal imagery is shown. Classified from signed-in Facebook Photos archive by visual review.","Distinct visible photo; exact-duplicate validation pending.","D3D632022B9BA9584E7D10AE385444A675DD0E88BA8DE3E39DFD4F72760E6579"
"FB-RAW-122119723455229345","FB-RAW-687013782_122119723455229345_7713991540375479235_n.jpg","02-team/family-business/FB-RAW-687013782_122119723455229345_7713991540375479235_n.jpg","02-team / family-business","JPEG","Not yet measured","Facebook Photos section, signed-in session","https://www.facebook.com/photo/?fbid=122119723455229345","Not displayed; collected 2026-08-12","Systematic raw Photos-section collection","Identity not yet reviewed","Unclassified","Unclassified","Not stated","Not yet rated","Raw business archive; future classification and suitability review","Authenticity type: original business-page photo. Privacy/public-use review required if family or personal imagery is shown. Classified from signed-in Facebook Photos archive by visual review.","Distinct visible photo; exact-duplicate validation pending.","44B67C353A4209326B10A5CDB4EC8AA7461842CCC2656DA4C6BC1DA9DBCE6A19"
"FB-RAW-122120074719229345","FB-RAW-687027435_122120074719229345_6211917921620586587_n.jpg","05-commercial-work/maintenance/FB-RAW-687027435_122120074719229345_6211917921620586587_n.jpg","05-commercial-work / maintenance","JPEG","Not yet measured","Facebook Photos section, signed-in session","https://www.facebook.com/photo/?fbid=122120074719229345","Not displayed; collected 2026-08-12","Systematic raw Photos-section collection","Identity not yet reviewed","Unclassified","Unclassified","Not stated","Not yet rated","Raw business archive; future classification and suitability review","Authenticity type: original business-page photo. Privacy/public-use review required if family or personal imagery is shown. Classified from signed-in Facebook Photos archive by visual review.","Distinct visible photo; exact-duplicate validation pending.","D44976004EF39BD3398C119CB174151F98963FB652DFA8E667D060927A349E9D"
"FB-RAW-122120074707229345","FB-RAW-687030345_122120074707229345_4262811330467532042_n.jpg","05-commercial-work/maintenance/FB-RAW-687030345_122120074707229345_4262811330467532042_n.jpg","05-commercial-work / maintenance","JPEG","Not yet measured","Facebook Photos section, signed-in session","https://www.facebook.com/photo/?fbid=122120074707229345","Not displayed; collected 2026-08-12","Systematic raw Photos-section collection","Identity not yet reviewed","Unclassified","Unclassified","Not stated","Not yet rated","Raw business archive; future classification and suitability review","Authenticity type: original business-page photo. Privacy/public-use review required if family or personal imagery is shown. Classified from signed-in Facebook Photos archive by visual review.","Distinct visible photo; exact-duplicate validation pending.","1AC5776FB21A68059D49196C926322410E3AFCBC9C32263C51122B3F495F304C"
"FB-RAW-122119931535229345","FB-RAW-687031094_122119931535229345_8143976920292244636_n.jpg","04-residential-work/installations/FB-RAW-687031094_122119931535229345_8143976920292244636_n.jpg","04-residential-work / installations","JPEG","Not yet measured","Facebook Photos section, signed-in session","https://www.facebook.com/photo/?fbid=122119931535229345","Not displayed; collected 2026-08-12","Systematic raw Photos-section collection","Identity not yet reviewed","Unclassified","Unclassified","Not stated","Not yet rated","Raw business archive; future classification and suitability review","Authenticity type: original business-page photo. Privacy/public-use review required if family or personal imagery is shown. Classified from signed-in Facebook Photos archive by visual review.","Distinct visible photo; exact-duplicate validation pending.","89D962FB3C8B23E7C29DFACE8A7B8AB05CEECDD1F844174774A9C3C1B00F3555"
"FB-RAW-122119218357229345","FB-RAW-687033176_122119218357229345_7618105677589411216_n.jpg","06-equipment-closeups/FB-RAW-687033176_122119218357229345_7618105677589411216_n.jpg","06-equipment-closeups","JPEG","Not yet measured","Facebook Photos section, signed-in session","https://www.facebook.com/photo/?fbid=122119218357229345","Not displayed; collected 2026-08-12","Systematic raw Photos-section collection","Identity not yet reviewed","Unclassified","Unclassified","Not stated","Not yet rated","Raw business archive; future classification and suitability review","Authenticity type: original business-page photo. Privacy/public-use review required if family or personal imagery is shown. Classified from signed-in Facebook Photos archive by visual review.","Distinct visible photo; exact-duplicate validation pending.","2D0B04543B797F9098B3CCD66F3D8ACDEF33712EB957D145796FE85D40E2FE19"
"FB-RAW-122119723479229345","FB-RAW-687033529_122119723479229345_3566078859623709469_n.jpg","02-team/technicians/FB-RAW-687033529_122119723479229345_3566078859623709469_n.jpg","02-team / technicians","JPEG","Not yet measured","Facebook Photos section, signed-in session","https://www.facebook.com/photo/?fbid=122119723479229345","Not displayed; collected 2026-08-12","Systematic raw Photos-section collection","Identity not yet reviewed","Unclassified","Unclassified","Not stated","Not yet rated","Raw business archive; future classification and suitability review","Authenticity type: original business-page photo. Privacy/public-use review required if family or personal imagery is shown. Classified from signed-in Facebook Photos archive by visual review.","Distinct visible photo; exact-duplicate validation pending.","467EFD98CB699081594979B4B8A31488721B149718A171A9929309DFF1A18F93"
"FB-RAW-122119931547229345","FB-RAW-687034033_122119931547229345_1154522002135007705_n.jpg","04-residential-work/installations/FB-RAW-687034033_122119931547229345_1154522002135007705_n.jpg","04-residential-work / installations","JPEG","Not yet measured","Facebook Photos section, signed-in session","https://www.facebook.com/photo/?fbid=122119931547229345","Not displayed; collected 2026-08-12","Systematic raw Photos-section collection","Identity not yet reviewed","Unclassified","Unclassified","Not stated","Not yet rated","Raw business archive; future classification and suitability review","Authenticity type: original business-page photo. Privacy/public-use review required if family or personal imagery is shown. Classified from signed-in Facebook Photos archive by visual review.","Distinct visible photo; exact-duplicate validation pending.","1085237F884FC615B0D5409FBC968E651C98F8E4CB5549F34089A03F7D2B1005"
"FB-RAW-122119723467229345","FB-RAW-687038267_122119723467229345_3261677163258485504_n.jpg","05-commercial-work/maintenance/FB-RAW-687038267_122119723467229345_3261677163258485504_n.jpg","05-commercial-work / maintenance","JPEG","Not yet measured","Facebook Photos section, signed-in session","https://www.facebook.com/photo/?fbid=122119723467229345","Not displayed; collected 2026-08-12","Systematic raw Photos-section collection","Identity not yet reviewed","Unclassified","Unclassified","Not stated","Not yet rated","Raw business archive; future classification and suitability review","Authenticity type: original business-page photo. Privacy/public-use review required if family or personal imagery is shown. Classified from signed-in Facebook Photos archive by visual review.","Distinct visible photo; exact-duplicate validation pending.","548EC38AE53FC31E787F1E93BFC32B96B26A30526C287A3A4D8F69CECD558C00"
"FB-RAW-122119931517229345","FB-RAW-687040664_122119931517229345_9176040404592818364_n.jpg","05-commercial-work/maintenance/FB-RAW-687040664_122119931517229345_9176040404592818364_n.jpg","05-commercial-work / maintenance","JPEG","Not yet measured","Facebook Photos section, signed-in session","https://www.facebook.com/photo/?fbid=122119931517229345","Not displayed; collected 2026-08-12","Systematic raw Photos-section collection","Identity not yet reviewed","Unclassified","Unclassified","Not stated","Not yet rated","Raw business archive; future classification and suitability review","Authenticity type: original business-page photo. Privacy/public-use review required if family or personal imagery is shown. Classified from signed-in Facebook Photos archive by visual review.","Distinct visible photo; exact-duplicate validation pending.","370CD243166A4A4B732589EE241130B4EA49CC988F4E56D50E833FD04B583240"
"FB-RAW-122119931505229345","FB-RAW-687050144_122119931505229345_3052144674325658419_n.jpg","05-commercial-work/maintenance/FB-RAW-687050144_122119931505229345_3052144674325658419_n.jpg","05-commercial-work / maintenance","JPEG","Not yet measured","Facebook Photos section, signed-in session","https://www.facebook.com/photo/?fbid=122119931505229345","Not displayed; collected 2026-08-12","Systematic raw Photos-section collection","Identity not yet reviewed","Unclassified","Unclassified","Not stated","Not yet rated","Raw business archive; future classification and suitability review","Authenticity type: original business-page photo. Privacy/public-use review required if family or personal imagery is shown. Classified from signed-in Facebook Photos archive by visual review.","Distinct visible photo; exact-duplicate validation pending.","39220D1B66A04C0DBDCCF2F7124F2C1C3BAA40E94C6CC3623FDEF5ADDD9AB1B7"
"FB-RAW-122119930695229345","FB-RAW-688445291_122119930695229345_2750692276317597560_n.jpg","02-team/technicians/FB-RAW-688445291_122119930695229345_2750692276317597560_n.jpg","02-team / technicians","JPEG","Not yet measured","Facebook Photos section, signed-in session","https://www.facebook.com/photo/?fbid=122119930695229345","Not displayed; collected 2026-08-12","Systematic raw Photos-section collection","Identity not yet reviewed","Unclassified","Unclassified","Not stated","Not yet rated","Raw business archive; future classification and suitability review","Authenticity type: original business-page photo. Privacy/public-use review required if family or personal imagery is shown. Classified from signed-in Facebook Photos archive by visual review.","Distinct visible photo; exact-duplicate validation pending.","0D7EC6D010CE162A5C0ECF0581B222F955C579BB4D2B13BCA1D81CB133CF16B0"
"FB-RAW-122120074731229345","FB-RAW-689707586_122120074731229345_5592967008731062276_n.jpg","06-equipment-closeups/FB-RAW-689707586_122120074731229345_5592967008731062276_n.jpg","06-equipment-closeups","JPEG","Not yet measured","Facebook Photos section, signed-in session","https://www.facebook.com/photo/?fbid=122120074731229345","Not displayed; collected 2026-08-12","Systematic raw Photos-section collection","Identity not yet reviewed","Unclassified","Unclassified","Not stated","Not yet rated","Raw business archive; future classification and suitability review","Authenticity type: original business-page photo. Privacy/public-use review required if family or personal imagery is shown. Classified from signed-in Facebook Photos archive by visual review.","Distinct visible photo; exact-duplicate validation pending.","C6968AC2775EB93FF9E4BE8693EFAC6A1F5DA776E07C8F766A4F02694756FAAA"
"FB-RAW-122120567031229345","FB-RAW-689847766_122120567031229345_8490795475758971707_n.jpg","02-team/family-business/FB-RAW-689847766_122120567031229345_8490795475758971707_n.jpg","02-team / family-business","JPEG","Not yet measured","Facebook Photos section, signed-in session","https://www.facebook.com/photo/?fbid=122120567031229345","Not displayed; collected 2026-08-12","Systematic raw Photos-section collection","Identity not yet reviewed","Unclassified","Unclassified","Not stated","Not yet rated","Raw business archive; future classification and suitability review","Authenticity type: original business-page photo. Privacy/public-use review required if family or personal imagery is shown. Classified from signed-in Facebook Photos archive by visual review.","Distinct visible photo; exact-duplicate validation pending.","25F06B35C5BA3C0AFD77C61A737DDBA1D1F5B7CB2903FDA81C813417999E2276"
"FB-RAW-122120074989229345","FB-RAW-690979604_122120074989229345_8507481207599082746_n.jpg","06-equipment-closeups/FB-RAW-690979604_122120074989229345_8507481207599082746_n.jpg","06-equipment-closeups","JPEG","Not yet measured","Facebook Photos section, signed-in session","https://www.facebook.com/photo/?fbid=122120074989229345","Not displayed; collected 2026-08-12","Systematic raw Photos-section collection","Identity not yet reviewed","Unclassified","Unclassified","Not stated","Not yet rated","Raw business archive; future classification and suitability review","Authenticity type: original business-page photo. Privacy/public-use review required if family or personal imagery is shown. Classified from signed-in Facebook Photos archive by visual review.","Distinct visible photo; exact-duplicate validation pending.","0673A4A5C19891DF45737C7F9A3FDD57EFC67A7F409E9410A1BD7428FA65B8C5"
"FB-RAW-122120567019229345","FB-RAW-694592529_122120567019229345_7651954188514686192_n.jpg","02-team/family-business/FB-RAW-694592529_122120567019229345_7651954188514686192_n.jpg","personal/family business-page photo — privacy review","JPEG","Not yet measured","Facebook Photos section, signed-in session","https://www.facebook.com/photo/?fbid=122120567019229345","Not displayed; collected 2026-08-12","Systematic raw Photos-section collection","Family/people shown; identities not confirmed","General","Family-owned business story / behind-the-scenes","Not stated","Not yet rated","Later human review; do not treat as pre-approved final website selection.","Family/owner-story candidate; identities not confirmed. Privacy review required.","Distinct visible photo; exact-duplicate validation pending.","C2C5E85AC0810987F55F5A64A2FB23B192D2E17A40077682135AAB040F82044B"
"FB-RAW-122120700081229345","FB-RAW-695790643_122120700081229345_5417699847834791026_n.jpg","02-team/technicians/FB-RAW-695790643_122120700081229345_5417699847834791026_n.jpg","02-team / technicians","JPEG","Not yet measured","Facebook Photos section, signed-in session","https://www.facebook.com/photo/?fbid=122120700081229345","Not displayed; collected 2026-08-12","Systematic raw Photos-section collection","Identity not yet reviewed","Unclassified","Unclassified","Not stated","Not yet rated","Raw business archive; future classification and suitability review","Authenticity type: original business-page photo. Privacy/public-use review required if family or personal imagery is shown. Classified from signed-in Facebook Photos archive by visual review.","Distinct visible photo; exact-duplicate validation pending.","513A835BBB41FCC45A1061DFA19C3F0A885234FD1D591EC39E82357071910426"
"FB-RAW-122120700093229345","FB-RAW-696016281_122120700093229345_6806358178922029166_n.jpg","04-residential-work/installations/FB-RAW-696016281_122120700093229345_6806358178922029166_n.jpg","04-residential-work / installations","JPEG","Not yet measured","Facebook Photos section, signed-in session","https://www.facebook.com/photo/?fbid=122120700093229345","Not displayed; collected 2026-08-12","Systematic raw Photos-section collection","Identity not yet reviewed","Unclassified","Unclassified","Not stated","Not yet rated","Raw business archive; future classification and suitability review","Authenticity type: original business-page photo. Privacy/public-use review required if family or personal imagery is shown. Classified from signed-in Facebook Photos archive by visual review.","Distinct visible photo; exact-duplicate validation pending.","63AD17F516251001001FD1EDC358EA57E9CFE52C8E18E09F964D9A81BC7B1FE2"
"FB-RAW-122120700063229345","FB-RAW-696111745_122120700063229345_224522974513095774_n.jpg","04-residential-work/maintenance/FB-RAW-696111745_122120700063229345_224522974513095774_n.jpg","04-residential-work / maintenance","JPEG","Not yet measured","Facebook Photos section, signed-in session","https://www.facebook.com/photo/?fbid=122120700063229345","Not displayed; collected 2026-08-12","Systematic raw Photos-section collection","Identity not yet reviewed","Unclassified","Unclassified","Not stated","Not yet rated","Raw business archive; future classification and suitability review","Authenticity type: original business-page photo. Privacy/public-use review required if family or personal imagery is shown. Classified from signed-in Facebook Photos archive by visual review.","Distinct visible photo; exact-duplicate validation pending.","FCFEBFBCBD62A6824EBF3FDAE213B3E163A0887FFB464AF4769281A4CBEAD11B"
"FB-RAW-122120700039229345","FB-RAW-696128741_122120700039229345_1474872618415423445_n.jpg","04-residential-work/maintenance/FB-RAW-696128741_122120700039229345_1474872618415423445_n.jpg","04-residential-work / maintenance","JPEG","Not yet measured","Facebook Photos section, signed-in session","https://www.facebook.com/photo/?fbid=122120700039229345","Not displayed; collected 2026-08-12","Systematic raw Photos-section collection","Identity not yet reviewed","Unclassified","Unclassified","Not stated","Not yet rated","Raw business archive; future classification and suitability review","Authenticity type: original business-page photo. Privacy/public-use review required if family or personal imagery is shown. Classified from signed-in Facebook Photos archive by visual review.","Distinct visible photo; exact-duplicate validation pending.","B57B99840FAC00A469DEBEFA1A62B9D70B90BD7CEED110C56B3E22829C70811B"
"FB-RAW-122120576763229345","FB-RAW-697190512_122120576763229345_5365245426198737794_n.jpg","04-residential-work/installations/FB-RAW-697190512_122120576763229345_5365245426198737794_n.jpg","04-residential-work / installations","JPEG","Not yet measured","Facebook Photos section, signed-in session","https://www.facebook.com/photo/?fbid=122120576763229345","Not displayed; collected 2026-08-12","Systematic raw Photos-section collection","Identity not yet reviewed","Unclassified","Unclassified","Not stated","Not yet rated","Raw business archive; future classification and suitability review","Authenticity type: original business-page photo. Privacy/public-use review required if family or personal imagery is shown. Classified from signed-in Facebook Photos archive by visual review.","Distinct visible photo; exact-duplicate validation pending.","7DA96079110E8B5423B6CC2D31C468DA3587E604FA7A96A6D162013A39B8755F"
"FB-RAW-122120920287229345","FB-RAW-697259098_122120920287229345_4611730298692596497_n.jpg","02-team/family-business/FB-RAW-697259098_122120920287229345_4611730298692596497_n.jpg","02-team / family-business","JPEG","Not yet measured","Facebook Photos section, signed-in session","https://www.facebook.com/photo/?fbid=122120920287229345","Not displayed; collected 2026-08-12","Systematic raw Photos-section collection","Identity not yet reviewed","Unclassified","Unclassified","Not stated","Not yet rated","Raw business archive; future classification and suitability review","Authenticity type: original business-page photo. Privacy/public-use review required if family or personal imagery is shown. Classified from signed-in Facebook Photos archive by visual review.","Distinct visible photo; exact-duplicate validation pending.","C10B1977E7BBC810884D97D7558BF49A069B9E3587D3F7B4AA5F20B39DCB71CE"
"FB-RAW-122120576595229345","FB-RAW-697406926_122120576595229345_3689454802350693726_n.jpg","09-social-graphics/reference-shared-content/FB-RAW-697406926_122120576595229345_3689454802350693726_n.jpg","09-social-graphics / reference-shared-content","JPEG","Not yet measured","Facebook Photos section, signed-in session","https://www.facebook.com/photo/?fbid=122120576595229345","Not displayed; collected 2026-08-12","Systematic raw Photos-section collection","Identity not yet reviewed","Unclassified","Unclassified","Not stated","Not yet rated","Raw business archive; future classification and suitability review","Authenticity type: original business-page photo. Privacy/public-use review required if family or personal imagery is shown. Classified from signed-in Facebook Photos archive by visual review.","Distinct visible photo; exact-duplicate validation pending.","581A33BAE429BCBBEAAE8F26404AD1B3B10CA22425D7CF35C9718C8A8055E255"
"FB-RAW-122120691957229345","FB-RAW-697777761_122120691957229345_663494392422936210_n.jpg","02-team/family-business/FB-RAW-697777761_122120691957229345_663494392422936210_n.jpg","personal/family business-page photo — privacy review","JPEG","Not yet measured","Facebook Photos section, signed-in session","https://www.facebook.com/photo/?fbid=122120691957229345","Not displayed; collected 2026-08-12","Systematic raw Photos-section collection","Family/people shown; identities not confirmed","General","Family-owned business story / behind-the-scenes","Not stated","Not yet rated","Later human review; do not treat as pre-approved final website selection.","Family/owner-story candidate; identities not confirmed. Privacy review required.","Distinct visible photo; exact-duplicate validation pending.","A2659058BF859C0C53868B2191AECE65C6EBB940FBC2B506F405FB27D8256A88"
"FB-RAW-122120700027229345","FB-RAW-698766364_122120700027229345_1971380019279358261_n.jpg","06-equipment-closeups/FB-RAW-698766364_122120700027229345_1971380019279358261_n.jpg","06-equipment-closeups","JPEG","Not yet measured","Facebook Photos section, signed-in session","https://www.facebook.com/photo/?fbid=122120700027229345","Not displayed; collected 2026-08-12","Systematic raw Photos-section collection","Identity not yet reviewed","Unclassified","Unclassified","Not stated","Not yet rated","Raw business archive; future classification and suitability review","Authenticity type: original business-page photo. Privacy/public-use review required if family or personal imagery is shown. Classified from signed-in Facebook Photos archive by visual review.","Distinct visible photo; exact-duplicate validation pending.","F8A162654F2EFB3598EED3E246BE2C9E8A0A518903336D6A4F24F16E3BA47923"
"FB-RAW-122121123951229345","FB-RAW-699713232_122121123951229345_988972663152497710_n.jpg","09-social-graphics/reference-shared-content/FB-RAW-699713232_122121123951229345_988972663152497710_n.jpg","09-social-graphics / reference-shared-content","JPEG","Not yet measured","Facebook Photos section, signed-in session","https://www.facebook.com/photo/?fbid=122121123951229345","Not displayed; collected 2026-08-12","Systematic raw Photos-section collection","Identity not yet reviewed","Unclassified","Unclassified","Not stated","Not yet rated","Raw business archive; future classification and suitability review","Authenticity type: original business-page photo. Privacy/public-use review required if family or personal imagery is shown. Classified from signed-in Facebook Photos archive by visual review.","Distinct visible photo; exact-duplicate validation pending.","4BF1214CD1721707D9BD87DA9F51AAB84A72C9FA92A86CD06A4D74BB692D8D96"
"FB-RAW-122121000333229345","FB-RAW-700285733_122121000333229345_3711051193737607472_n.jpg","02-team/family-business/FB-RAW-700285733_122121000333229345_3711051193737607472_n.jpg","02-team / family-business","JPEG","Not yet measured","Facebook Photos section, signed-in session","https://www.facebook.com/photo/?fbid=122121000333229345","Not displayed; collected 2026-08-12","Systematic raw Photos-section collection","Identity not yet reviewed","Unclassified","Unclassified","Not stated","Not yet rated","Raw business archive; future classification and suitability review","Authenticity type: original business-page photo. Privacy/public-use review required if family or personal imagery is shown. Classified from signed-in Facebook Photos archive by visual review.","Distinct visible photo; exact-duplicate validation pending.","6BFFA7B1C3389AE4C9C01B6A780F56EDF902B3A05B6EC8B22827EA4CBD0E65EF"
"FB-RAW-122121000345229345","FB-RAW-700305897_122121000345229345_1357380427877845942_n.jpg","02-team/technicians/FB-RAW-700305897_122121000345229345_1357380427877845942_n.jpg","team member / branded apparel","JPEG","Not yet measured","Facebook Photos section, signed-in session","https://www.facebook.com/photo/?fbid=122121000345229345","Not displayed; collected 2026-08-12","Systematic raw Photos-section collection","Technician or team member; identity not confirmed","General","HVAC service or business-life context","Not stated","Not yet rated","Later human review; do not treat as pre-approved final website selection.","Team member identity not confirmed; branded apparel, business-life context.","Distinct visible photo; exact-duplicate validation pending.","1342DA6C2ABE08DFFE0338E9BBF084DC451AADF5629DD5D0146EB05DB984B02B"
"FB-RAW-122121000315229345","FB-RAW-700477286_122121000315229345_2786738214468109753_n.jpg","09-social-graphics/reference-shared-content/FB-RAW-700477286_122121000315229345_2786738214468109753_n.jpg","09-social-graphics / reference-shared-content","JPEG","Not yet measured","Facebook Photos section, signed-in session","https://www.facebook.com/photo/?fbid=122121000315229345","Not displayed; collected 2026-08-12","Systematic raw Photos-section collection","Identity not yet reviewed","Unclassified","Unclassified","Not stated","Not yet rated","Raw business archive; future classification and suitability review","Authenticity type: original business-page photo. Privacy/public-use review required if family or personal imagery is shown. Classified from signed-in Facebook Photos archive by visual review.","Distinct visible photo; exact-duplicate validation pending.","324B0D050257CBE8E03A8D8C09DBF1097963E2A8A16202E86795DFE7C3B9E501"
"FB-RAW-122121608475229345","FB-RAW-700944382_122121608475229345_6786979454526727771_n.jpg","10-review-related/archive-reference/FB-RAW-700944382_122121608475229345_6786979454526727771_n.jpg","10-review-related / archive-reference","JPEG","Not yet measured","Facebook Photos section, signed-in session","https://www.facebook.com/photo/?fbid=122121608475229345","Not displayed; collected 2026-08-12","Systematic raw Photos-section collection","Identity not yet reviewed","Unclassified","Unclassified","Not stated","Not yet rated","Raw business archive; future classification and suitability review","Authenticity type: original business-page photo. Privacy/public-use review required if family or personal imagery is shown. Classified from signed-in Facebook Photos archive by visual review.","Distinct visible photo; exact-duplicate validation pending.","5B412E19386FFF82D0D58E4DE742E42B314D9B8939920643127D10ED62F6F127"
"FB-RAW-122121380235229345","FB-RAW-701511209_122121380235229345_6369223546053036398_n.jpg","09-social-graphics/reference-shared-content/FB-RAW-701511209_122121380235229345_6369223546053036398_n.jpg","09-social-graphics / reference-shared-content","JPEG","Not yet measured","Facebook Photos section, signed-in session","https://www.facebook.com/photo/?fbid=122121380235229345","Not displayed; collected 2026-08-12","Systematic raw Photos-section collection","Identity not yet reviewed","Unclassified","Unclassified","Not stated","Not yet rated","Raw business archive; future classification and suitability review","Authenticity type: original business-page photo. Privacy/public-use review required if family or personal imagery is shown. Classified from signed-in Facebook Photos archive by visual review.","Distinct visible photo; exact-duplicate validation pending.","9295DF3E196D089272293B51DDB8D3AB96D170B0557B7D095D285A16DFA408D4"
"FB-RAW-122121608535229345","FB-RAW-701624251_122121608535229345_7416531403108618863_n.jpg","04-residential-work/maintenance/FB-RAW-701624251_122121608535229345_7416531403108618863_n.jpg","04-residential-work / maintenance","JPEG","Not yet measured","Facebook Photos section, signed-in session","https://www.facebook.com/photo/?fbid=122121608535229345","Not displayed; collected 2026-08-12","Systematic raw Photos-section collection","Identity not yet reviewed","Unclassified","Unclassified","Not stated","Not yet rated","Raw business archive; future classification and suitability review","Authenticity type: original business-page photo. Privacy/public-use review required if family or personal imagery is shown. Classified from signed-in Facebook Photos archive by visual review.","Distinct visible photo; exact-duplicate validation pending.","68A03668ACEF23569795D69DD18CF26048C22C9C934D38565E5FF2B7847B998C"
"FB-RAW-122121608529229345","FB-RAW-701664225_122121608529229345_1361431767223137469_n.jpg","04-residential-work/maintenance/FB-RAW-701664225_122121608529229345_1361431767223137469_n.jpg","04-residential-work / maintenance","JPEG","Not yet measured","Facebook Photos section, signed-in session","https://www.facebook.com/photo/?fbid=122121608529229345","Not displayed; collected 2026-08-12","Systematic raw Photos-section collection","Identity not yet reviewed","Unclassified","Unclassified","Not stated","Not yet rated","Raw business archive; future classification and suitability review","Authenticity type: original business-page photo. Privacy/public-use review required if family or personal imagery is shown. Classified from signed-in Facebook Photos archive by visual review.","Distinct visible photo; exact-duplicate validation pending.","1D66B6D4455DCA8E8FD4ED441DA2952530D1A74F75AC2DAF0805F8BBFDD4D65E"
"FB-RAW-122121379971229345","FB-RAW-701710549_122121379971229345_3305463206124444912_n.jpg","09-social-graphics/reference-shared-content/FB-RAW-701710549_122121379971229345_3305463206124444912_n.jpg","09-social-graphics / reference-shared-content","JPEG","Not yet measured","Facebook Photos section, signed-in session","https://www.facebook.com/photo/?fbid=122121379971229345","Not displayed; collected 2026-08-12","Systematic raw Photos-section collection","Identity not yet reviewed","Unclassified","Unclassified","Not stated","Not yet rated","Raw business archive; future classification and suitability review","Authenticity type: original business-page photo. Privacy/public-use review required if family or personal imagery is shown. Classified from signed-in Facebook Photos archive by visual review.","Distinct visible photo; exact-duplicate validation pending.","9295DF3E196D089272293B51DDB8D3AB96D170B0557B7D095D285A16DFA408D4"
"FB-RAW-122121834603229345","FB-RAW-702612083_122121834603229345_2249074937110737055_n.jpg","02-team/technicians/FB-RAW-702612083_122121834603229345_2249074937110737055_n.jpg","02-team / technicians","JPEG","Not yet measured","Facebook Photos section, signed-in session","https://www.facebook.com/photo/?fbid=122121834603229345","Not displayed; collected 2026-08-12","Systematic raw Photos-section collection","Identity not yet reviewed","Unclassified","Unclassified","Not stated","Not yet rated","Raw business archive; future classification and suitability review","Authenticity type: original business-page photo. Privacy/public-use review required if family or personal imagery is shown. Classified from signed-in Facebook Photos archive by visual review.","Distinct visible photo; exact-duplicate validation pending.","780443D3F2F14D1DDA9A9C69AA86E6D1E5E168326C46E6F71CE5931D4BE51A4F"
"FB-RAW-122121716871229345","FB-RAW-702670573_122121716871229345_4470548477718897582_n.jpg","03-vehicles/FB-RAW-702670573_122121716871229345_4470548477718897582_n.jpg","03-vehicles","JPEG","Not yet measured","Facebook Photos section, signed-in session","https://www.facebook.com/photo/?fbid=122121716871229345","Not displayed; collected 2026-08-12","Systematic raw Photos-section collection","Identity not yet reviewed","Unclassified","Unclassified","Not stated","Not yet rated","Raw business archive; future classification and suitability review","Authenticity type: original business-page photo. Privacy/public-use review required if family or personal imagery is shown. Classified from signed-in Facebook Photos archive by visual review.","Distinct visible photo; exact-duplicate validation pending.","CA6FD65D9CB981A09E100E961C6941DD72FD513259DABC0A6F6FBAAA8BC0BDA6"
"FB-RAW-122121608463229345","FB-RAW-703055735_122121608463229345_2901859251404668210_n.jpg","04-residential-work/installations/FB-RAW-703055735_122121608463229345_2901859251404668210_n.jpg","04-residential-work / installations","JPEG","Not yet measured","Facebook Photos section, signed-in session","https://www.facebook.com/photo/?fbid=122121608463229345","Not displayed; collected 2026-08-12","Systematic raw Photos-section collection","Identity not yet reviewed","Unclassified","Unclassified","Not stated","Not yet rated","Raw business archive; future classification and suitability review","Authenticity type: original business-page photo. Privacy/public-use review required if family or personal imagery is shown. Classified from signed-in Facebook Photos archive by visual review.","Distinct visible photo; exact-duplicate validation pending.","47AF76E355BF0C3C9D53062D4F32C12B316B909794E2B35769982088228BFC7C"
"FB-RAW-122121716883229345","FB-RAW-703221978_122121716883229345_8238305176537227760_n.jpg","02-team/technicians/FB-RAW-703221978_122121716883229345_8238305176537227760_n.jpg","technician at HVAC work","JPEG","Not yet measured","Facebook Photos section, signed-in session","https://www.facebook.com/photo/?fbid=122121716883229345","Not displayed; collected 2026-08-12","Systematic raw Photos-section collection","Technician or team member; identity not confirmed","General","HVAC service or business-life context","Not stated","Not yet rated","Later human review; do not treat as pre-approved final website selection.","Technician identity not confirmed; authentic job-site image.","Distinct visible photo; exact-duplicate validation pending.","34585EB4C78E3C2F1DB3D54DF9276A4CB47CD1ED3958DEA22A714BC2517F9A65"
"FB-RAW-122121608547229345","FB-RAW-703281111_122121608547229345_7289848570855489900_n.jpg","04-residential-work/mini-splits-heat-pumps/FB-RAW-703281111_122121608547229345_7289848570855489900_n.jpg","04-residential-work / mini-splits-heat-pumps","JPEG","Not yet measured","Facebook Photos section, signed-in session","https://www.facebook.com/photo/?fbid=122121608547229345","Not displayed; collected 2026-08-12","Systematic raw Photos-section collection","Identity not yet reviewed","Unclassified","Unclassified","Not stated","Not yet rated","Raw business archive; future classification and suitability review","Authenticity type: original business-page photo. Privacy/public-use review required if family or personal imagery is shown. Classified from signed-in Facebook Photos archive by visual review.","Distinct visible photo; exact-duplicate validation pending.","51054843EF34974AA469CF84C4C96CC9DD9FB9248C467BE1882B50A3A0C8E088"
"FB-RAW-122121834621229345","FB-RAW-703474353_122121834621229345_4077970901294425052_n.jpg","02-team/technicians/FB-RAW-703474353_122121834621229345_4077970901294425052_n.jpg","02-team / technicians","JPEG","Not yet measured","Facebook Photos section, signed-in session","https://www.facebook.com/photo/?fbid=122121834621229345","Not displayed; collected 2026-08-12","Systematic raw Photos-section collection","Identity not yet reviewed","Unclassified","Unclassified","Not stated","Not yet rated","Raw business archive; future classification and suitability review","Authenticity type: original business-page photo. Privacy/public-use review required if family or personal imagery is shown. Classified from signed-in Facebook Photos archive by visual review.","Distinct visible photo; exact-duplicate validation pending.","07E8CAABB75DEDA5F9F39E672E25F14F3A0D481F250D85372888691A4D059879"
"FB-RAW-122121716907229345","FB-RAW-703498108_122121716907229345_4201029495697425221_n.jpg","05-commercial-work/maintenance/FB-RAW-703498108_122121716907229345_4201029495697425221_n.jpg","05-commercial-work / maintenance","JPEG","Not yet measured","Facebook Photos section, signed-in session","https://www.facebook.com/photo/?fbid=122121716907229345","Not displayed; collected 2026-08-12","Systematic raw Photos-section collection","Identity not yet reviewed","Unclassified","Unclassified","Not stated","Not yet rated","Raw business archive; future classification and suitability review","Authenticity type: original business-page photo. Privacy/public-use review required if family or personal imagery is shown. Classified from signed-in Facebook Photos archive by visual review.","Distinct visible photo; exact-duplicate validation pending.","F8316FBD30EB7D6D6B2A2791CC6DBEAED8FBA9B4B13A55B6D33FB89380963373"
"FB-RAW-122121834597229345","FB-RAW-703675426_122121834597229345_7602534192585232778_n.jpg","05-commercial-work/maintenance/FB-RAW-703675426_122121834597229345_7602534192585232778_n.jpg","05-commercial-work / maintenance","JPEG","Not yet measured","Facebook Photos section, signed-in session","https://www.facebook.com/photo/?fbid=122121834597229345","Not displayed; collected 2026-08-12","Systematic raw Photos-section collection","Identity not yet reviewed","Unclassified","Unclassified","Not stated","Not yet rated","Raw business archive; future classification and suitability review","Authenticity type: original business-page photo. Privacy/public-use review required if family or personal imagery is shown. Classified from signed-in Facebook Photos archive by visual review.","Distinct visible photo; exact-duplicate validation pending.","CAC23532DD8AE35C993EEB7E7AB4233DC25040367411CAB759A3198179DE87CD"
"FB-RAW-122122059375229345","FB-RAW-704957106_122122059375229345_3529244243373596344_n.jpg","02-team/family-business/FB-RAW-704957106_122122059375229345_3529244243373596344_n.jpg","02-team / family-business","JPEG","Not yet measured","Facebook Photos section, signed-in session","https://www.facebook.com/photo/?fbid=122122059375229345","Not displayed; collected 2026-08-12","Systematic raw Photos-section collection","Identity not yet reviewed","Unclassified","Unclassified","Not stated","Not yet rated","Raw business archive; future classification and suitability review","Authenticity type: original business-page photo. Privacy/public-use review required if family or personal imagery is shown. Classified from signed-in Facebook Photos archive by visual review.","Distinct visible photo; exact-duplicate validation pending.","2A3598A0BDC9A73525DA00F53C396424645FF3927DB2D6A023C24E75B207A965"
"FB-RAW-122121945285229345","FB-RAW-705229252_122121945285229345_8922852482841207104_n.jpg","05-commercial-work/maintenance/FB-RAW-705229252_122121945285229345_8922852482841207104_n.jpg","05-commercial-work / maintenance","JPEG","Not yet measured","Facebook Photos section, signed-in session","https://www.facebook.com/photo/?fbid=122121945285229345","Not displayed; collected 2026-08-12","Systematic raw Photos-section collection","Identity not yet reviewed","Unclassified","Unclassified","Not stated","Not yet rated","Raw business archive; future classification and suitability review","Authenticity type: original business-page photo. Privacy/public-use review required if family or personal imagery is shown. Classified from signed-in Facebook Photos archive by visual review.","Distinct visible photo; exact-duplicate validation pending.","03EC270BB41A76C2BE0564E90DCF1596968B5EDC763BB1208A6B0F601A334545"
"FB-RAW-122121945189229345","FB-RAW-705277245_122121945189229345_5253354661362083570_n.jpg","05-commercial-work/maintenance/FB-RAW-705277245_122121945189229345_5253354661362083570_n.jpg","05-commercial-work / maintenance","JPEG","Not yet measured","Facebook Photos section, signed-in session","https://www.facebook.com/photo/?fbid=122121945189229345","Not displayed; collected 2026-08-12","Systematic raw Photos-section collection","Identity not yet reviewed","Unclassified","Unclassified","Not stated","Not yet rated","Raw business archive; future classification and suitability review","Authenticity type: original business-page photo. Privacy/public-use review required if family or personal imagery is shown. Classified from signed-in Facebook Photos archive by visual review.","Distinct visible photo; exact-duplicate validation pending.","489B30E4FDF26732BB31500754E4321929FBB49E48BF1E7CC5D5959FDA32482E"
"FB-RAW-122121945363229345","FB-RAW-705298710_122121945363229345_9161965147281688151_n.jpg","05-commercial-work/maintenance/FB-RAW-705298710_122121945363229345_9161965147281688151_n.jpg","05-commercial-work / maintenance","JPEG","Not yet measured","Facebook Photos section, signed-in session","https://www.facebook.com/photo/?fbid=122121945363229345","Not displayed; collected 2026-08-12","Systematic raw Photos-section collection","Identity not yet reviewed","Unclassified","Unclassified","Not stated","Not yet rated","Raw business archive; future classification and suitability review","Authenticity type: original business-page photo. Privacy/public-use review required if family or personal imagery is shown. Classified from signed-in Facebook Photos archive by visual review.","Distinct visible photo; exact-duplicate validation pending.","A49C7F905E1DACCE2ACD6957939459810B8D7CBD80B6AF1BBB098DAB3BA479FB"
"FB-RAW-122121945327229345","FB-RAW-705298747_122121945327229345_7724148550213093109_n.jpg","05-commercial-work/maintenance/FB-RAW-705298747_122121945327229345_7724148550213093109_n.jpg","05-commercial-work / maintenance","JPEG","Not yet measured","Facebook Photos section, signed-in session","https://www.facebook.com/photo/?fbid=122121945327229345","Not displayed; collected 2026-08-12","Systematic raw Photos-section collection","Identity not yet reviewed","Unclassified","Unclassified","Not stated","Not yet rated","Raw business archive; future classification and suitability review","Authenticity type: original business-page photo. Privacy/public-use review required if family or personal imagery is shown. Classified from signed-in Facebook Photos archive by visual review.","Distinct visible photo; exact-duplicate validation pending.","294A7EA89C256BFBB88E7BD9E5C964A48BBD1EADF50B283BF6684CDF7B80EBC0"
"FB-RAW-122121945243229345","FB-RAW-706811358_122121945243229345_7315794665767580643_n.jpg","05-commercial-work/maintenance/FB-RAW-706811358_122121945243229345_7315794665767580643_n.jpg","05-commercial-work / maintenance","JPEG","Not yet measured","Facebook Photos section, signed-in session","https://www.facebook.com/photo/?fbid=122121945243229345","Not displayed; collected 2026-08-12","Systematic raw Photos-section collection","Identity not yet reviewed","Unclassified","Unclassified","Not stated","Not yet rated","Raw business archive; future classification and suitability review","Authenticity type: original business-page photo. Privacy/public-use review required if family or personal imagery is shown. Classified from signed-in Facebook Photos archive by visual review.","Distinct visible photo; exact-duplicate validation pending.","DCEC1E8FD06E47E0CE4786BFA4A744A68DCD07F617B0E7E7FD5A50B7DF79849C"
"FB-RAW-122122462395229345","FB-RAW-707407445_122122462395229345_1558505819767334007_n.jpg","05-commercial-work/maintenance/FB-RAW-707407445_122122462395229345_1558505819767334007_n.jpg","05-commercial-work / maintenance","JPEG","Not yet measured","Facebook Photos section, signed-in session","https://www.facebook.com/photo/?fbid=122122462395229345","Not displayed; collected 2026-08-12","Systematic raw Photos-section collection","Identity not yet reviewed","Unclassified","Unclassified","Not stated","Not yet rated","Raw business archive; future classification and suitability review","Authenticity type: original business-page photo. Privacy/public-use review required if family or personal imagery is shown. Classified from signed-in Facebook Photos archive by visual review.","Distinct visible photo; exact-duplicate validation pending.","C265ECD9F10A6A057B1E836FAD607C9FC2976ECAF0D6F662A657EEFAC1579D05"
"FB-RAW-122122462353229345","FB-RAW-707465628_122122462353229345_2420878084293798656_n.jpg","05-commercial-work/maintenance/FB-RAW-707465628_122122462353229345_2420878084293798656_n.jpg","05-commercial-work / maintenance","JPEG","Not yet measured","Facebook Photos section, signed-in session","https://www.facebook.com/photo/?fbid=122122462353229345","Not displayed; collected 2026-08-12","Systematic raw Photos-section collection","Identity not yet reviewed","Unclassified","Unclassified","Not stated","Not yet rated","Raw business archive; future classification and suitability review","Authenticity type: original business-page photo. Privacy/public-use review required if family or personal imagery is shown. Classified from signed-in Facebook Photos archive by visual review.","Distinct visible photo; exact-duplicate validation pending.","40AC8C5470A853278934FED939F7753C24C9906D5F22C7F8F57A265EAB504751"
"FB-RAW-122122373199229345","FB-RAW-707600980_122122373199229345_929597783305936357_n.jpg","05-commercial-work/maintenance/FB-RAW-707600980_122122373199229345_929597783305936357_n.jpg","05-commercial-work / maintenance","JPEG","Not yet measured","Facebook Photos section, signed-in session","https://www.facebook.com/photo/?fbid=122122373199229345","Not displayed; collected 2026-08-12","Systematic raw Photos-section collection","Identity not yet reviewed","Unclassified","Unclassified","Not stated","Not yet rated","Raw business archive; future classification and suitability review","Authenticity type: original business-page photo. Privacy/public-use review required if family or personal imagery is shown. Classified from signed-in Facebook Photos archive by visual review.","Distinct visible photo; exact-duplicate validation pending.","8C68B9DEDE9A6ED698FE1263C1CBC431CAC78075F08C85298DEC2DB2DBEEAE71"
"FB-RAW-122122462365229345","FB-RAW-708243806_122122462365229345_7395661404316249985_n.jpg","02-team/technicians/FB-RAW-708243806_122122462365229345_7395661404316249985_n.jpg","team/business photo","JPEG","Not yet measured","Facebook Photos section, signed-in session","https://www.facebook.com/photo/?fbid=122122462365229345","Not displayed; collected 2026-08-12","Systematic raw Photos-section collection","Technician or team member; identity not confirmed","General","HVAC service or business-life context","Not stated","Not yet rated","Later human review; do not treat as pre-approved final website selection.","Two team members; identities not confirmed. Authentic job-site/business image.","Distinct visible photo; exact-duplicate validation pending.","CB6B6AA1A9315FAFD038051D80FBF3E1C8B43254EA5D44A9E3F4DF89C7435619"
"FB-RAW-122122462407229345","FB-RAW-708276231_122122462407229345_4838942684791813271_n.jpg","02-team/technicians/FB-RAW-708276231_122122462407229345_4838942684791813271_n.jpg","02-team / technicians","JPEG","Not yet measured","Facebook Photos section, signed-in session","https://www.facebook.com/photo/?fbid=122122462407229345","Not displayed; collected 2026-08-12","Systematic raw Photos-section collection","Identity not yet reviewed","Unclassified","Unclassified","Not stated","Not yet rated","Raw business archive; future classification and suitability review","Authenticity type: original business-page photo. Privacy/public-use review required if family or personal imagery is shown. Classified from signed-in Facebook Photos archive by visual review.","Distinct visible photo; exact-duplicate validation pending.","884C973E727B450AB519313DF4B9FA1DA79E2CCB9888622F5E512F4CA4C44BC9"
"FB-RAW-122122461621229345","FB-RAW-708754910_122122461621229345_8364258130191523647_n.jpg","02-team/technicians/FB-RAW-708754910_122122461621229345_8364258130191523647_n.jpg","02-team / technicians","JPEG","Not yet measured","Facebook Photos section, signed-in session","https://www.facebook.com/photo/?fbid=122122461621229345","Not displayed; collected 2026-08-12","Systematic raw Photos-section collection","Identity not yet reviewed","Unclassified","Unclassified","Not stated","Not yet rated","Raw business archive; future classification and suitability review","Authenticity type: original business-page photo. Privacy/public-use review required if family or personal imagery is shown. Classified from signed-in Facebook Photos archive by visual review.","Distinct visible photo; exact-duplicate validation pending.","37CBA3920153DA27B75242C19357A4CD9465E2B6A298EEF49C5C00E7E90B273D"
"FB-RAW-122123133843229345","FB-RAW-710598269_122123133843229345_4624615593408897987_n.jpg","02-team/technicians/FB-RAW-710598269_122123133843229345_4624615593408897987_n.jpg","02-team / technicians","JPEG","Not yet measured","Facebook Photos section, signed-in session","https://www.facebook.com/photo/?fbid=122123133843229345","Not displayed; collected 2026-08-12","Systematic raw Photos-section collection","Identity not yet reviewed","Unclassified","Unclassified","Not stated","Not yet rated","Raw business archive; future classification and suitability review","Authenticity type: original business-page photo. Privacy/public-use review required if family or personal imagery is shown. Classified from signed-in Facebook Photos archive by visual review.","Distinct visible photo; exact-duplicate validation pending.","B253969DFC1443DB9E946064026C2D3E37CE14261E9391CEF7E246CF360107DA"
"FB-RAW-122123133849229345","FB-RAW-712945264_122123133849229345_1782303822598492337_n.jpg","04-residential-work/installations/FB-RAW-712945264_122123133849229345_1782303822598492337_n.jpg","04-residential-work / installations","JPEG","Not yet measured","Facebook Photos section, signed-in session","https://www.facebook.com/photo/?fbid=122123133849229345","Not displayed; collected 2026-08-12","Systematic raw Photos-section collection","Identity not yet reviewed","Unclassified","Unclassified","Not stated","Not yet rated","Raw business archive; future classification and suitability review","Authenticity type: original business-page photo. Privacy/public-use review required if family or personal imagery is shown. Classified from signed-in Facebook Photos archive by visual review.","Distinct visible photo; exact-duplicate validation pending.","4ECD429C3EB4D74AE0D6BC1AD600F9C311C700C386894A509FD219EB16CD089C"
"FB-RAW-122123530887229345","FB-RAW-716090448_122123530887229345_6222304326623105490_n.jpg","04-residential-work/maintenance/FB-RAW-716090448_122123530887229345_6222304326623105490_n.jpg","04-residential-work / maintenance","JPEG","Not yet measured","Facebook Photos section, signed-in session","https://www.facebook.com/photo/?fbid=122123530887229345","Not displayed; collected 2026-08-12","Systematic raw Photos-section collection","Identity not yet reviewed","Unclassified","Unclassified","Not stated","Not yet rated","Raw business archive; future classification and suitability review","Authenticity type: original business-page photo. Privacy/public-use review required if family or personal imagery is shown. Classified from signed-in Facebook Photos archive by visual review.","Distinct visible photo; exact-duplicate validation pending.","28C4FDA057820C8187ED5C2BFD3863A32237C494CABA9D4B7C38DA1455E8696B"
"FB-RAW-122123636145229345","FB-RAW-718221449_122123636145229345_1696658114874697903_n.jpg","03-vehicles/FB-RAW-718221449_122123636145229345_1696658114874697903_n.jpg","company vehicle / truck","JPEG","Not yet measured","Facebook Photos section, signed-in session","https://www.facebook.com/photo/?fbid=122123636145229345","Not displayed; collected 2026-08-12","Systematic raw Photos-section collection","No identifiable person required","General","Company vehicle / business presence","Not stated","Not yet rated","Later human review; do not treat as pre-approved final website selection.","Branded company vehicle; authentic business photo.","Distinct visible photo; exact-duplicate validation pending.","00760D13005DFB8FC3CFFB3E122D6589B42590EF2248D62690F7B79082EEFA06"
"FB-RAW-122123636157229345","FB-RAW-718746919_122123636157229345_7276750212690595119_n.jpg","02-team/technicians/FB-RAW-718746919_122123636157229345_7276750212690595119_n.jpg","02-team / technicians","JPEG","Not yet measured","Facebook Photos section, signed-in session","https://www.facebook.com/photo/?fbid=122123636157229345","Not displayed; collected 2026-08-12","Systematic raw Photos-section collection","Identity not yet reviewed","Unclassified","Unclassified","Not stated","Not yet rated","Raw business archive; future classification and suitability review","Authenticity type: original business-page photo. Privacy/public-use review required if family or personal imagery is shown. Classified from signed-in Facebook Photos archive by visual review.","Distinct visible photo; exact-duplicate validation pending.","3C18727FF440290645B7E7A60E8721EEA52196A7727DD15DC379412FDC9DBD4A"
"FB-RAW-122123559765229345","FB-RAW-718792250_122123559765229345_6369129486516492263_n.jpg","09-social-graphics/reference-shared-content/FB-RAW-718792250_122123559765229345_6369129486516492263_n.jpg","09-social-graphics / reference-shared-content","JPEG","Not yet measured","Facebook Photos section, signed-in session","https://www.facebook.com/photo/?fbid=122123559765229345","Not displayed; collected 2026-08-12","Systematic raw Photos-section collection","Identity not yet reviewed","Unclassified","Unclassified","Not stated","Not yet rated","Raw business archive; future classification and suitability review","Authenticity type: original business-page photo. Privacy/public-use review required if family or personal imagery is shown. Classified from signed-in Facebook Photos archive by visual review.","Distinct visible photo; exact-duplicate validation pending.","15D4E5F924F0C793D07CC34082A4E3209EE7743D2C9F272FE7E70CE9EE47F357"
"FB-RAW-122123776263229345","FB-RAW-719492539_122123776263229345_371038454692528532_n.jpg","04-residential-work/maintenance/FB-RAW-719492539_122123776263229345_371038454692528532_n.jpg","04-residential-work / maintenance","JPEG","Not yet measured","Facebook Photos section, signed-in session","https://www.facebook.com/photo/?fbid=122123776263229345","Not displayed; collected 2026-08-12","Systematic raw Photos-section collection","Identity not yet reviewed","Unclassified","Unclassified","Not stated","Not yet rated","Raw business archive; future classification and suitability review","Authenticity type: original business-page photo. Privacy/public-use review required if family or personal imagery is shown. Classified from signed-in Facebook Photos archive by visual review.","Distinct visible photo; exact-duplicate validation pending.","7E6DD6C2F3DCED4DE764AD652D319CC1DFFC142C73160FFFB4E21955AAFB4EE2"
"FB-RAW-122123991693229345","FB-RAW-720468341_122123991693229345_3027169956046385515_n.jpg","02-team/family-business/FB-RAW-720468341_122123991693229345_3027169956046385515_n.jpg","02-team / family-business","JPEG","Not yet measured","Facebook Photos section, signed-in session","https://www.facebook.com/photo/?fbid=122123991693229345","Not displayed; collected 2026-08-12","Systematic raw Photos-section collection","Identity not yet reviewed","Unclassified","Unclassified","Not stated","Not yet rated","Raw business archive; future classification and suitability review","Authenticity type: original business-page photo. Privacy/public-use review required if family or personal imagery is shown. Classified from signed-in Facebook Photos archive by visual review.","Distinct visible photo; exact-duplicate validation pending.","D46438DA60B03B904FE47CF56F9C881C2721F94E60EA365FE7B84A849BCE5898"
"FB-RAW-122123991705229345","FB-RAW-720675305_122123991705229345_6746044820546666352_n.jpg","02-team/technicians/FB-RAW-720675305_122123991705229345_6746044820546666352_n.jpg","02-team / technicians","JPEG","Not yet measured","Facebook Photos section, signed-in session","https://www.facebook.com/photo/?fbid=122123991705229345","Not displayed; collected 2026-08-12","Systematic raw Photos-section collection","Identity not yet reviewed","Unclassified","Unclassified","Not stated","Not yet rated","Raw business archive; future classification and suitability review","Authenticity type: original business-page photo. Privacy/public-use review required if family or personal imagery is shown. Classified from signed-in Facebook Photos archive by visual review.","Distinct visible photo; exact-duplicate validation pending.","1D98F9A33CD43F1E49D5E93AC190005FA9C03410B44BB3648DED192F4DFA0928"
